fixed acidity,volatile acidity,citric acid,residual sugar,chlorides,free sulfur dioxide,total sulfur dioxide,density,pH,sulphates,alcohol,quality,type
8.9,0.38,0.4,2.2,0.068,12,28,0.99486,3.27,0.75,12.6,7,Red
7.8,0.21,0.34,11.9,0.039,55,140,0.9959,3.02,0.31,10.3,6,White
7.1,0.22,0.33,2.8,0.033,48,153,0.9899,3.15,0.38,12.7,7,White
7.1,0.17,0.4,14.55,0.047,47,156,0.99945,3.34,0.78,9.1,6,White
7.2,0.53,0.13,2,0.058,18,22,0.99573,3.21,0.68,9.9,6,Red
6.6,0.23,0.3,14.9,0.051,33,118,0.99835,3.04,0.54,9,6,White
7.2,0.29,0.4,7.6,0.024,56,177,0.9928,3.04,0.32,11.5,6,White
11.5,0.18,0.51,4,0.104,4,23,0.9996,3.28,0.97,10.1,6,Red
6.6,0.56,0.15,10,0.037,38,157,0.99642,3.28,0.52,9.4,5,White
6.7,0.34,0.43,1.6,0.041,29,114,0.99014,3.23,0.44,12.6,6,White
6.4,0.15,0.36,1.8,0.034,43,150,0.9922,3.42,0.69,11,8,White
7.5,0.28,0.78,12.1,0.041,53,161,0.99838,2.98,0.44,8.7,5,White
12.4,0.4,0.51,2,0.059,6,24,0.9994,3.04,0.6,9.3,6,Red
5.2,0.645,0,2.15,0.08,15,28,0.99444,3.78,0.61,12.5,6,Red
4.7,0.145,0.29,1,0.042,35,90,0.9908,3.76,0.49,11.3,6,White
10.7,0.46,0.39,2,0.061,7,15,0.9981,3.18,0.62,9.5,5,Red
6.8,0.26,0.24,7.8,0.052,54,214,0.9961,3.13,0.47,8.9,5,White
6.8,0.32,0.3,3.3,0.029,15,80,0.99061,3.33,0.63,12.6,7,White
5.5,0.21,0.25,1.2,0.04,18,75,0.99006,3.31,0.56,11.3,6,White
6.9,0.25,0.3,4.1,0.054,23,116,0.994,2.99,0.38,9.4,6,White
7.8,0.6,0.14,2.4,0.086,3,15,0.9975,3.42,0.6,10.8,6,Red
10,0.43,0.33,2.7,0.095,28,89,0.9984,3.22,0.68,10,5,Red
6.4,0.57,0.02,1.8,0.067,4,11,0.997,3.46,0.68,9.5,5,Red
7.7,0.715,0.01,2.1,0.064,31,43,0.99371,3.41,0.57,11.8,6,Red
10.6,0.44,0.68,4.1,0.114,6,24,0.997,3.06,0.66,13.4,6,Red
7.4,0.16,0.33,1.2,0.042,47,121,0.99198,3.04,0.68,10.5,7,White
6.3,0.38,0.17,8.8,0.08,50,212,0.99803,3.47,0.66,9.4,4,White
6.8,0.19,0.4,9.85,0.055,41,103,0.99532,2.98,0.56,10.5,6,White
8.4,0.57,0.44,10.7,0.051,46,195,0.9981,3.15,0.51,10.4,5,White
9,0.245,0.38,5.9,0.045,52,159,0.995,2.93,0.35,10.2,6,White
6.9,0.22,0.37,15,0.053,59,178,0.9992,3.37,0.82,9.5,7,White
6.2,0.255,0.24,1.7,0.039,138.5,272,0.99452,3.53,0.53,9.6,4,White
7.4,0.785,0.19,5.2,0.094,19,98,0.99713,3.16,0.52,9.6,6,Red
7.2,0.34,0.44,4.2,0.047,51,144,0.991,3.01,0.76,12.3,6,White
8,0.19,0.3,2,0.053,48,140,0.994,3.18,0.49,9.6,6,White
7.8,0.18,0.46,13.6,0.052,38,118,0.998,3.15,0.5,10,6,White
6,0.19,0.71,1.5,0.152,9,55,0.9927,3.12,0.46,9.8,6,White
7.1,0.69,0.08,2.1,0.063,42,52,0.99608,3.42,0.6,10.2,6,Red
5.8,0.22,0.29,0.9,0.034,34,89,0.98936,3.14,0.36,11.1,7,White
6.5,0.23,0.25,17.3,0.046,15,110,0.99828,3.15,0.42,9.2,6,White
6.8,0.24,0.38,8.3,0.045,50,185,0.99578,3.15,0.5,9.5,6,White
6.7,0.27,0.33,3.6,0.034,9,45,0.99144,3.08,0.4,10.5,6,White
10.9,0.32,0.52,1.8,0.132,17,44,0.99734,3.28,0.77,11.5,6,Red
6.8,0.25,0.38,8.1,0.046,24,155,0.9956,3.33,0.59,10.2,6,White
6.6,0.34,0.28,1.3,0.035,32,90,0.9916,3.1,0.42,10.7,6,White
7.4,0.26,0.43,6,0.022,22,125,0.9928,3.13,0.55,11.5,6,White
6.9,0.29,0.16,6.8,0.034,65,212,0.9955,3.08,0.39,9,6,White
7.1,0.37,0.3,6.2,0.04,49,139,0.99021,3.17,0.27,13.6,6,White
8.1,0.2,0.3,1.3,0.036,7,49,0.99242,2.99,0.73,10.3,5,White
6,0.34,0.66,15.9,0.046,26,164,0.9979,3.14,0.5,8.8,6,White
10.4,0.64,0.24,2.8,0.105,29,53,0.9998,3.24,0.67,9.9,5,Red
11.1,0.31,0.53,2.2,0.06,3,10,0.99572,3.02,0.83,10.9,7,Red
6.7,0.31,0.3,2.4,0.038,30,83,0.98867,3.09,0.36,12.8,7,White
7.6,0.39,0.31,2.3,0.082,23,71,0.9982,3.52,0.65,9.7,5,Red
6.4,0.29,0.18,15,0.04,21,116,0.99736,3.14,0.5,9.2,5,White
6.9,0.52,0.54,7.9,0.036,23,169,0.99267,3.26,0.47,12.2,6,White
6.1,0.24,0.32,9,0.031,41,134,0.99234,3.25,0.26,12.3,7,White
7.1,0.2,0.37,1.5,0.049,28,129,0.99226,3.15,0.52,10.8,5,White
6.3,0.76,0,2.9,0.072,26,52,0.99379,3.51,0.6,11.5,6,Red
7.3,0.52,0.32,2.1,0.07,51,70,0.99418,3.34,0.82,12.9,6,Red
6.8,0.28,0.4,22,0.048,48,167,1.001,2.93,0.5,8.7,5,White
6.4,0.24,0.49,5.8,0.053,25,120,0.9942,3.01,0.98,10.5,6,White
6.8,0.21,0.55,14.6,0.053,34,159,0.99805,2.93,0.44,9.2,5,White
5.9,0.65,0.23,5,0.035,20,128,0.99016,3.46,0.48,12.8,6,White
7.3,0.24,0.39,17.95,0.057,45,149,0.9999,3.21,0.36,8.6,5,White
7.6,0.17,0.27,4.6,0.05,23,98,0.99422,3.08,0.47,9.5,6,White
11.5,0.315,0.54,2.1,0.084,5,15,0.9987,2.98,0.7,9.2,6,Red
6,0.28,0.27,15.5,0.036,31,134,0.99408,3.19,0.44,13,7,White
7.4,0.16,0.27,15.5,0.05,25,135,0.9984,2.9,0.43,8.7,7,White
7.9,0.58,0.23,2.3,0.076,23,94,0.99686,3.21,0.58,9.5,6,Red
6.9,0.3,0.21,15.7,0.056,49,159,0.99827,3.11,0.48,9,5,White
7.2,0.48,0.07,5.5,0.089,10,18,0.99684,3.37,0.68,11.2,7,Red
7.3,0.67,0.26,1.8,0.401,16,51,0.9969,3.16,1.14,9.4,5,Red
6.3,0.33,0.27,1.2,0.046,34,175,0.9934,3.37,0.54,9.4,6,White
8.3,0.2,0.49,1.7,0.04,34,169,0.9938,3.05,0.37,10.1,5,White
6.7,0.22,0.39,1.2,0.049,26,152,0.99346,3.5,0.47,10,6,White
8.4,0.4,0.7,13.1,0.042,29,197,0.998,3.06,0.64,9.7,5,White
7,0.28,0.26,1.7,0.042,34,130,0.9925,3.43,0.5,10.7,8,White
5.9,0.22,0.3,1.3,0.052,42,86,0.99069,3.31,0.47,11.55,6,White
6.7,0.46,0.24,1.7,0.077,18,34,0.9948,3.39,0.6,10.6,6,Red
10.9,0.53,0.49,4.6,0.118,10,17,1.0002,3.07,0.56,11.7,6,Red
6.6,0.25,0.32,5.6,0.039,15,68,0.99163,2.96,0.52,11.1,6,White
12,0.45,0.55,2,0.073,25,49,0.9997,3.1,0.76,10.3,6,Red
6.2,0.2,0.49,1.6,0.065,17,143,0.9937,3.22,0.52,9.2,6,White
6.2,0.34,0.3,11.1,0.047,28,237,0.9981,3.18,0.49,8.7,5,White
6.9,0.48,0.2,1.9,0.082,9,23,0.99585,3.39,0.43,9.05,4,Red
8.2,0.26,0.34,2.5,0.073,16,47,0.99594,3.4,0.78,11.3,7,Red
7.3,0.19,0.27,13.9,0.057,45,155,0.99807,2.94,0.41,8.8,8,White
7.5,0.25,0.47,4.1,0.041,95,163,0.99184,2.92,0.59,11.3,6,White
9.7,0.295,0.4,1.5,0.073,14,21,0.99556,3.14,0.51,10.9,6,Red
6.8,0.17,0.74,2.4,0.053,61,182,0.9953,3.63,0.76,10.5,6,White
7.1,0.35,0.29,2.5,0.096,20,53,0.9962,3.42,0.65,11,6,Red
5.9,0.655,0,5.6,0.033,8,31,0.9936,3.32,0.51,10.5,4,White
7.3,0.835,0.03,2.1,0.092,10,19,0.9966,3.39,0.47,9.6,5,Red
6.8,0.26,0.34,15.1,0.06,42,162,0.99705,3.24,0.52,10.5,3,White
6,0.28,0.52,6.2,0.028,37,104,0.99161,3.28,0.51,11.8,7,White
9.4,0.24,0.29,8.5,0.037,124,208,0.99395,2.9,0.38,11,3,White
6.6,0.21,0.29,5.35,0.029,43,106,0.99112,2.93,0.43,11.5,7,White
6.5,0.23,0.33,13.8,0.042,25,139,0.99695,3.35,0.56,10.4,6,White
9.9,0.54,0.26,2,0.111,7,60,0.99709,2.94,0.98,10.2,5,Red
6.8,0.43,0.3,3.5,0.033,27,135,0.9906,3,0.37,12,6,White
6.4,0.17,0.34,1.5,0.091,42,135,0.9938,3.25,0.49,9.6,7,White
7.1,0.12,0.32,9.6,0.054,64,162,0.9962,3.4,0.41,9.4,5,White
7.8,0.52,0.25,1.9,0.081,14,38,0.9984,3.43,0.65,9,6,Red
6.4,0.18,0.32,9.6,0.052,24,90,0.9963,3.35,0.49,9.4,6,White
9.1,0.22,0.24,2.1,0.078,1,28,0.999,3.41,0.87,10.3,6,Red
6.2,0.37,0.24,6.1,0.032,19,86,0.98934,3.04,0.26,13.4,8,White
7.4,0.26,0.37,9.4,0.047,42,147,0.9982,3.46,0.72,10,5,White
6.4,0.29,0.2,15.6,0.04,20,142,0.9962,3.1,0.54,10.6,5,White
7,0.48,0.12,4.5,0.05,23,86,0.99398,2.86,0.35,9,5,White
5.9,0.23,0.24,3.8,0.038,61,152,0.99139,3.31,0.5,11.3,7,White
7.1,0.71,0,1.9,0.08,14,35,0.9972,3.47,0.55,9.4,5,Red
6.9,0.17,0.25,1.6,0.047,34,132,0.9914,3.16,0.48,11.4,5,White
6.4,0.26,0.42,9.7,0.044,30,140,0.9962,3.18,0.47,9.1,6,White
6.6,0.425,0.25,2.35,0.034,23,87,0.99082,3.05,0.41,11.4,6,White
7.5,0.27,0.36,7,0.036,45,164,0.9939,3.03,0.33,11,5,White
6.2,0.2,0.25,15,0.055,8,120,0.99767,3.19,0.53,9.6,6,White
6.8,0.34,0.69,1.3,0.058,12,171,0.9931,3.06,0.47,9.7,5,White
5.4,0.74,0,1.2,0.041,16,46,0.99258,4.01,0.59,12.5,6,Red
7,0.53,0.43,6.1,0.029,6,76,0.99118,3.08,0.5,12.5,8,White
6,0.18,0.27,1.5,0.089,40,143,0.9923,3.49,0.62,10.8,6,White
10.3,0.34,0.52,2.8,0.159,15,75,0.9998,3.18,0.64,9.4,5,Red
6.8,0.18,0.28,8.5,0.047,52,242,0.9952,3.22,0.53,10.5,6,White
6.8,0.18,0.3,12.8,0.062,19,171,0.99808,3,0.52,9,7,White
6.8,0.14,0.35,1.5,0.047,40,117,0.99111,3.07,0.72,11.1,6,White
5.9,0.27,0.27,9,0.051,43,136,0.9941,3.25,0.53,10.7,6,White
6.1,0.21,0.4,1.4,0.066,40.5,165,0.9912,3.25,0.59,11.9,6,Red
6.8,0.24,0.29,2,0.044,15,96,0.99232,3.23,0.64,10.4,8,White
7.2,0.35,0.26,1.8,0.083,33,75,0.9968,3.4,0.58,9.5,6,Red
8.2,0.7,0.23,2,0.099,14,81,0.9973,3.19,0.7,9.4,5,Red
7.5,0.51,0.02,1.7,0.084,13,31,0.99538,3.36,0.54,10.5,6,Red
7.2,0.57,0.05,2.3,0.081,16,36,0.99564,3.38,0.6,10.3,6,Red
7.7,0.31,0.26,7.8,0.031,23,90,0.9944,3.13,0.5,10.4,5,White
7.5,0.28,0.34,4.2,0.028,36,116,0.991,2.99,0.41,12.3,8,White
6.7,0.27,0.33,3.6,0.034,9,45,0.99144,3.08,0.4,10.5,6,White
8.3,0.65,0.1,2.9,0.089,17,40,0.99803,3.29,0.55,9.5,5,Red
7.5,0.49,0.19,1.9,0.076,10,44,0.9957,3.39,0.54,9.7,5,Red
7.9,1.04,0.05,2.2,0.084,13,29,0.9959,3.22,0.55,9.9,6,Red
8.9,0.26,0.33,8.1,0.024,47,202,0.99558,3.13,0.46,10.8,6,White
11.9,0.38,0.49,2.7,0.098,12,42,1.0004,3.16,0.61,10.3,5,Red
6.4,0.25,0.32,0.9,0.034,40,114,0.99114,3.31,0.58,10.8,7,White
8,0.25,0.49,9,0.044,31,185,0.998,3.34,0.49,10,6,White
7.4,0.26,0.29,3.7,0.048,14,73,0.9915,3.06,0.45,11.4,6,White
9.1,0.28,0.46,9,0.114,3,9,0.99901,3.18,0.6,10.9,6,Red
7.3,0.17,0.23,6.3,0.051,35,240,0.9963,3.36,0.54,10,6,White
6.5,0.28,0.29,2.7,0.038,26,107,0.9912,3.32,0.41,11.6,7,White
5.4,0.375,0.4,3.3,0.054,29,147,0.99482,3.42,0.52,9.1,5,White
7.3,0.19,0.27,13.9,0.057,45,155,0.99807,2.94,0.41,8.8,8,White
6.9,0.33,0.26,5,0.027,46,143,0.9924,3.25,0.43,11.2,7,White
7,0.3,0.51,13.6,0.05,40,168,0.9976,3.07,0.52,9.6,7,White
10,0.41,0.45,6.2,0.071,6,14,0.99702,3.21,0.49,11.8,7,Red
7.1,0.09,0.3,6.2,0.032,24,134,0.993,2.99,0.39,10.9,6,White
8.4,0.34,0.42,2.1,0.072,23,36,0.99392,3.11,0.78,12.4,6,Red
9.8,0.37,0.39,2.5,0.079,28,65,0.99729,3.16,0.59,9.8,5,Red
7.5,0.33,0.32,11.1,0.036,25,119,0.9962,3.15,0.34,10.5,6,White
8.2,0.34,0.37,1.9,0.057,43,74,0.99408,3.23,0.81,12,6,Red
7.1,0.12,0.3,3.1,0.018,15,37,0.99004,3.02,0.52,11.9,7,White
10.9,0.37,0.58,4,0.071,17,65,0.99935,3.22,0.78,10.1,5,Red
7,0.58,0.12,1.9,0.091,34,124,0.9956,3.44,0.48,10.5,5,Red
6.1,0.28,0.23,4.2,0.038,13,95,0.98898,2.97,0.7,13.1,6,White
6.1,0.17,0.21,1.9,0.09,44,130,0.99255,3.07,0.41,9.7,5,White
6.8,0.49,0.22,2.3,0.071,13,24,0.99438,3.41,0.83,11.3,6,Red
5.5,0.12,0.33,1,0.038,23,131,0.99164,3.25,0.45,9.8,5,White
6.2,0.21,0.26,13.1,0.05,59,150,0.99772,3.31,0.46,9,5,White
8.5,0.28,0.34,13.8,0.041,32,161,0.9981,3.13,0.4,9.9,6,White
8.6,0.23,0.4,4.2,0.035,17,109,0.9947,3.14,0.53,9.7,5,White
7.2,0.24,0.28,1.9,0.032,30,92,0.9914,3.1,0.39,10.9,6,White
6.6,0.64,0.28,4.4,0.032,19,78,0.99036,3.11,0.62,12.9,6,White
7,0.2,0.35,8.8,0.037,31,103,0.99388,3.13,0.49,11,6,White
10.8,0.29,0.42,1.6,0.084,19,27,0.99545,3.28,0.73,11.9,6,Red
7.6,0.29,0.42,1.3,0.035,18,86,0.9908,2.99,0.39,11.3,5,White
6.5,0.33,0.38,2.5,0.047,30,148,0.98964,3.17,0.43,12.7,6,White
10.1,0.28,0.46,1.8,0.05,5,13,0.9974,3.04,0.79,10.2,6,Red
7.5,0.32,0.49,1.7,0.031,44,109,0.9906,3.07,0.46,12.5,6,White
8.4,0.56,0.04,2,0.082,10,22,0.9976,3.22,0.44,9.6,5,Red
8.7,0.69,0.31,3,0.086,23,81,1.0002,3.48,0.74,11.6,6,Red
8.3,0.2,0.74,4.45,0.044,33,130,0.9924,3.25,0.42,12.2,6,White
8,0.23,0.46,1.5,0.03,30,125,0.9907,3.23,0.47,12.5,6,White
7.7,0.96,0.2,2,0.047,15,60,0.9955,3.36,0.44,10.9,5,Red
9.5,0.56,0.33,2.4,0.089,35,67,0.9972,3.28,0.73,11.8,7,Red
7.7,0.39,0.12,1.7,0.097,19,27,0.99596,3.16,0.49,9.4,5,Red
7.2,0.24,0.27,11.4,0.034,40,174,0.99773,3.2,0.44,9,5,White
6.6,0.26,0.21,2.9,0.026,48,126,0.99089,3.22,0.38,11.3,7,White
8.4,0.2,0.38,11.8,0.055,51,170,1.0004,3.34,0.82,8.9,6,White
7.6,0.2,0.3,14.2,0.056,53,212.5,0.999,3.14,0.46,8.9,8,White
6.7,0.24,0.36,8.4,0.042,42,123,0.99473,3.34,0.52,10.9,6,White
6.7,0.24,0.33,12.3,0.046,31,145,0.9983,3.36,0.4,9.5,5,White
5.3,0.31,0.38,10.5,0.031,53,140,0.99321,3.34,0.46,11.7,6,White
7.4,0.29,0.5,1.8,0.042,35,127,0.9937,3.45,0.5,10.2,7,White
9.6,0.42,0.35,2.1,0.083,17,38,0.99622,3.23,0.66,11.1,6,Red
6.2,0.15,0.46,1.6,0.039,38,123,0.993,3.38,0.51,9.7,6,White
6.8,0.27,0.22,17.8,0.034,16,116,0.9989,3.07,0.53,9.2,5,White
8.2,0.37,0.27,1.7,0.028,10,59,0.9923,2.97,0.48,10.4,5,White
10.5,0.26,0.47,1.9,0.078,6,24,0.9976,3.18,1.04,10.9,7,Red
6.9,0.27,0.25,7.5,0.03,18,117,0.99116,3.09,0.38,13,6,White
6.4,0.21,0.28,5.9,0.047,29,101,0.99278,3.15,0.4,11,6,White
7.1,0.59,0.01,2.5,0.077,20,85,0.99746,3.55,0.59,9.8,5,Red
7,0.22,0.26,1.1,0.037,20,71,0.9902,3.1,0.38,11.7,6,White
4.9,0.335,0.14,1.3,0.036,69,168,0.99212,3.47,0.46,10.4666666666667,5,White
9.4,0.28,0.3,1.6,0.045,36,139,0.99534,3.11,0.49,9.3,5,White
6.4,0.38,0.14,2.2,0.038,15,25,0.99514,3.44,0.65,11.1,6,Red
6.8,0.26,0.44,8.2,0.046,52,183,0.99584,3.2,0.51,9.4,5,White
7.2,0.23,0.38,14.3,0.058,55,194,0.9979,3.09,0.44,9,6,White
7.3,0.25,0.42,14.2,0.041,57,182,0.9996,3.29,0.75,9.1,7,White
7.6,0.31,0.24,1.8,0.037,39,150,0.9913,3.05,0.44,11.8,7,White
6.8,0.34,0.74,2.8,0.088,23,185,0.9928,3.51,0.7,12,6,White
4.5,0.19,0.21,0.95,0.033,89,159,0.99332,3.34,0.42,8,5,White
10.3,0.43,0.44,2.4,0.214,5,12,0.9994,3.19,0.63,9.5,6,Red
5.1,0.31,0.3,0.9,0.037,28,152,0.992,3.54,0.56,10.1,6,White
6.3,0.27,0.37,7.9,0.047,58,215,0.99542,3.19,0.48,9.5,6,White
12.6,0.31,0.72,2.2,0.072,6,29,0.9987,2.88,0.82,9.8,8,Red
8,0.59,0.71,17.35,0.038,61,228,1,2.95,0.75,9.3,5,White
7,0.27,0.74,1.5,0.036,27,122,0.9926,3.35,0.48,11.2,6,White
7.3,0.2,0.26,1.6,0.04,36,123,0.99238,3.34,0.44,10.8,6,White
8.7,0.82,0.02,1.2,0.07,36,48,0.9952,3.2,0.58,9.8,5,Red
8.2,0.17,0.32,1.5,0.05,17,101,0.994,3.14,0.58,9.5,5,White
11.6,0.475,0.4,1.4,0.091,6,28,0.99704,3.07,0.65,10.0333333333333,6,Red
6.2,0.25,0.25,1.4,0.03,35,105,0.9912,3.3,0.44,11.1,7,White
6.6,0.28,0.28,8.5,0.052,55,211,0.9962,3.09,0.55,8.9,6,White
9.6,0.56,0.31,2.8,0.089,15,46,0.9979,3.11,0.92,10,6,Red
8.9,0.13,0.49,1,0.028,6,24,0.9926,2.91,0.32,9.9,5,White
7.2,0.66,0.03,2.3,0.078,16,86,0.99743,3.53,0.57,9.7,5,Red
5.8,0.31,0.32,4.5,0.024,28,94,0.98906,3.25,0.52,13.7,7,White
7.3,0.22,0.37,14.3,0.063,48,191,0.9978,2.89,0.38,9,6,White
9.9,0.35,0.55,2.1,0.062,5,14,0.9971,3.26,0.79,10.6,5,Red
5.2,0.24,0.15,7.1,0.043,32,134,0.99378,3.24,0.48,9.9,6,White
6.7,0.47,0.29,4.75,0.034,29,134,0.99056,3.29,0.46,13,7,White
7,0.23,0.4,1.6,0.063,21,67,0.9952,3.5,0.63,11.1,5,Red
5.4,0.205,0.16,12.55,0.051,31,115,0.99564,3.4,0.38,10.8,6,White
6.4,0.24,0.22,1.5,0.038,38,157,0.9934,3.41,0.55,9.9,6,White
7.2,0.15,0.33,1.1,0.027,16,63,0.9937,3.37,0.4,9.9,5,White
8.6,0.16,0.49,7.3,0.043,9,63,0.9953,3.13,0.59,10.5,6,White
5.2,0.5,0.18,2,0.036,23,129,0.98949,3.36,0.77,13.4,7,White
6.5,0.36,0.16,1.3,0.054,11,107,0.99398,3.19,0.39,8.5,5,White
8.9,0.62,0.18,3.8,0.176,52,145,0.9986,3.16,0.88,9.2,5,Red
6.6,0.32,0.26,7.7,0.054,56,209,0.9961,3.17,0.45,8.8,5,White
6.3,0.13,0.42,1.1,0.043,63,146,0.99066,3.13,0.72,11.2,7,White
6.6,0.41,0.31,1.6,0.042,18,101,0.99195,3.13,0.41,10.5,5,White
6.7,0.23,0.31,2.1,0.046,30,96,0.9926,3.33,0.64,10.7,8,White
9.9,0.53,0.57,2.4,0.093,30,52,0.9971,3.19,0.76,11.6,7,Red
6.5,0.15,0.55,5.9,0.045,75,162,0.99482,2.97,0.4,9.3,5,White
7.1,0.21,0.33,1.2,0.039,34,97,0.99112,3.11,0.75,11.2,6,White
7.5,0.305,0.38,1.4,0.047,30,95,0.99158,3.22,0.52,11.5,7,White
6.2,0.38,0.42,2.5,0.038,34,117,0.99132,3.36,0.59,11.6,7,White
6.4,0.32,0.23,16.2,0.055,36,176,0.9986,3.26,0.54,9.1,5,White
6.1,0.35,0.24,2.3,0.034,25,133,0.9906,3.34,0.59,12,7,White
6.1,0.24,0.27,9.8,0.062,33,152,0.9966,3.31,0.47,9.5,6,White
8.6,0.23,0.25,11.3,0.031,13,96,0.99645,3.11,0.4,10.8,5,White
7.2,0.19,0.39,1.2,0.036,32,85,0.9918,3.16,0.5,10.5,5,White
6.2,0.47,0.19,8.3,0.029,24,142,0.992,3.22,0.45,12.3,6,White
6.4,0.3,0.16,7.5,0.05,55,191,0.9959,3.17,0.49,9,5,White
6.7,0.27,0.12,1.3,0.041,62,138,0.9921,3.21,0.42,10,6,White
7.1,0.59,0,2.2,0.078,26,44,0.99522,3.42,0.68,10.8,6,Red
8.7,0.46,0.31,2.5,0.126,24,64,0.99746,3.1,0.74,9.6,5,Red
6.4,0.33,0.44,8.9,0.055,52,164,0.99488,3.1,0.48,9.6,5,White
5.9,0.55,0.1,2.2,0.062,39,51,0.99512,3.52,0.76,11.2,6,Red
8.8,0.24,0.23,10.3,0.032,12,97,0.99571,3.13,0.4,10.7,6,White
6.1,0.105,0.31,1.3,0.037,55,145,0.9912,3.41,0.41,11.1,7,White
6.6,0.22,0.34,11.6,0.05,59,140,0.99526,3.22,0.4,10.8,5,White
6.3,0.22,0.33,1.7,0.041,67,164,0.9928,3.32,0.56,10.4,6,White
6.6,0.27,0.52,8.1,0.044,53,202,0.99548,3.18,0.48,9.5,5,White
7.8,0.4,0.26,9.5,0.059,32,178,0.9955,3.04,0.43,10.9,6,White
6.6,0.25,0.41,7.4,0.043,29,151,0.9946,3.15,0.6,10.2,7,White
6.3,0.36,0.19,3.2,0.075,15,39,0.9956,3.56,0.52,12.7,6,Red
6.4,0.16,0.28,2.2,0.042,33,93,0.9914,3.31,0.43,11.1,6,White
8.5,0.37,0.32,1.8,0.066,26,51,0.99456,3.38,0.72,11.8,6,Red
6.3,0.15,0.34,11.4,0.05,25,96,0.99754,3.21,0.49,10,6,White
6.5,0.24,0.24,1.6,0.046,15,60,0.9928,3.19,0.39,9.8,5,White
7.1,0.24,0.34,1.2,0.045,6,132,0.99132,3.16,0.46,11.2,4,White
7.8,0.28,0.22,1.4,0.056,24,130,0.9944,3.28,0.48,9.5,5,White
7.9,0.14,0.28,1.8,0.041,44,178,0.9954,3.45,0.43,9.2,6,White
8.4,0.35,0.71,12.2,0.046,22,160,0.9982,2.98,0.65,9.4,5,White
6.4,0.27,0.45,8.3,0.05,52,196,0.9955,3.18,0.48,9.5,5,White
5.9,0.48,0.3,1.5,0.037,19,78,0.99057,3.47,0.42,11.9,7,White
6.1,0.21,0.3,6.3,0.039,47,136,0.99068,3.27,0.31,12.7,6,White
6.3,0.34,0.31,6,0.02,18,68,0.98981,3.22,0.29,13.4,7,White
6.1,0.32,0.24,1.5,0.036,38,124,0.9898,3.29,0.42,12.4,7,White
6.9,0.45,0.27,4.7,0.035,17,80,0.99058,3.12,0.36,12.5,7,White
6.6,0.29,0.73,2.2,0.027,21,92,0.99,3.12,0.48,12.4,6,White
7.4,0.21,0.8,12.3,0.038,77,183,0.99778,2.95,0.48,9,5,White
6.4,0.3,0.36,2,0.052,18,141,0.99273,3.38,0.53,10.5,6,White
6.6,0.34,0.24,3.3,0.034,29,99,0.99031,3.1,0.4,12.3,7,White
7.5,0.35,0.37,2.5,0.066,29,89,0.98964,3.14,0.42,12.7,6,White
6.6,0.33,0.24,16.05,0.045,31,147,0.99822,3.08,0.52,9.2,5,White
7.4,0.56,0.09,1.5,0.071,19,117,0.99496,3.22,0.53,9.8,5,White
6,0.28,0.35,1.9,0.037,16,120,0.9933,3.16,0.69,10.6,5,White
7.6,0.19,0.41,1.1,0.04,38,143,0.9907,2.92,0.42,11.4,5,White
6.7,0.26,0.51,8,0.062,50,194,0.99545,3.13,0.5,9.6,5,White
7.4,0.29,0.31,1.7,0.035,23,110,0.9926,3.07,0.38,10.9,5,White
7.6,0.16,0.41,1.9,0.047,27,151,0.9937,3.2,0.53,10.1,6,White
6.7,0.3,0.29,2.8,0.025,37,107,0.99159,3.31,0.63,11.3,7,White
6.6,0.52,0.44,12.2,0.048,54,245,0.9975,3.26,0.54,9.3,6,White
7.6,0.52,0.49,14,0.034,37,156,0.9958,3.14,0.38,11.8,7,White
6.6,0.27,0.33,1.4,0.042,24,183,0.99215,3.29,0.46,10.7,5,White
5.3,0.33,0.3,1.2,0.048,25,119,0.99045,3.32,0.62,11.3,6,White
6.8,0.64,0.03,2.3,0.075,14,31,0.99545,3.36,0.58,10.4,6,Red
10.9,0.32,0.52,1.8,0.132,17,44,0.99734,3.28,0.77,11.5,6,Red
7,0.24,0.3,4.2,0.04,41,213,0.9927,3.28,0.49,11.8,6,White
8.3,0.615,0.22,2.6,0.087,6,19,0.9982,3.26,0.61,9.3,5,Red
6.1,0.36,0.33,1.1,0.05,24,169,0.9927,3.15,0.78,9.5,6,White
6.4,0.27,0.32,4.5,0.24,61,174,0.9948,3.12,0.48,9.4,5,White
6.7,0.27,0.26,2.3,0.043,61,181,0.99394,3.45,0.63,10.6,6,White
6.9,0.74,0.03,2.3,0.054,7,16,0.99508,3.45,0.63,11.5,6,Red
6.5,0.26,0.43,8.9,0.083,50,171,0.9965,2.85,0.5,9,5,White
6.5,0.28,0.35,9.8,0.067,61,180,0.9972,3.15,0.57,9,4,White
7,0.32,0.27,7.1,0.027,37,122,0.99165,3.15,0.6,12.6,7,White
7.1,0.39,0.3,9.9,0.037,29,124,0.99414,3.07,0.42,10.9,6,White
5.7,0.21,0.25,1.1,0.035,26,81,0.9902,3.31,0.52,11.4,6,White
7.2,0.55,0.09,1.5,0.108,16,151,0.9938,3.07,0.57,9.2,4,White
9.5,0.55,0.66,2.3,0.387,12,37,0.9982,3.17,0.67,9.6,5,Red
7.2,0.19,0.27,11.2,0.061,46,149,0.99772,2.99,0.59,9.3,6,White
5,0.33,0.16,1.5,0.049,10,97,0.9917,3.48,0.44,10.7,6,White
7,0.3,0.27,1.5,0.076,24,145,0.99344,3.1,0.52,10.1,5,White
7.7,0.39,0.34,10,0.056,35,178,0.9974,3.26,0.6,10.2,5,White
6.2,0.16,0.32,1.1,0.036,74,184,0.99096,3.22,0.41,11,6,White
7.3,0.2,0.39,2.3,0.048,24,87,0.99044,2.94,0.35,12,6,White
7,0.19,0.33,6.3,0.032,42,127,0.99182,3.31,0.38,12.2,6,White
8.3,0.34,0.4,2.4,0.065,24,48,0.99554,3.34,0.86,11,6,Red
5.9,0.26,0.3,1,0.036,38,114,0.9928,3.58,0.48,9.4,5,White
9.1,0.4,0.57,4.6,0.08,6,20,0.99652,3.28,0.57,12.5,6,Red
6.8,0.26,0.22,7.7,0.047,57,210,0.9959,3.1,0.47,9,5,White
6.9,0.2,0.41,1.1,0.06,36,104,0.99317,2.99,0.39,9.2,5,White
7.4,0.19,0.3,12.8,0.053,48.5,229,0.9986,3.14,0.49,9.1,7,White
8.1,0.27,0.33,1.3,0.045,26,100,0.99066,2.98,0.44,12.4,6,White
8.7,0.52,0.09,2.5,0.091,20,49,0.9976,3.34,0.86,10.6,7,Red
6.4,0.27,0.19,2,0.084,21,191,0.99516,3.49,0.63,9.6,4,White
7.2,0.32,0.4,8.7,0.038,45,154,0.99568,3.2,0.47,10.4,6,White
7.1,0.68,0.07,1.9,0.075,16,51,0.99685,3.38,0.52,9.5,5,Red
7.4,0.26,0.43,6,0.022,22,125,0.9928,3.13,0.55,11.5,6,White
8.2,0.36,0.29,7.6,0.035,37,122,0.9939,3.16,0.34,12,5,White
6,0.26,0.29,1,0.032,27,96,0.9896,3.38,0.44,12.3,6,White
6.8,0.23,0.4,1.6,0.047,5,133,0.993,3.23,0.7,11.4,6,White
6.6,0.25,0.39,1.45,0.04,40,89,0.9911,3.35,0.4,11.4,7,White
7.7,0.27,0.34,1.8,0.028,26,168,0.9911,2.99,0.48,12.1,7,White
7.7,0.62,0.04,3.8,0.084,25,45,0.9978,3.34,0.53,9.5,5,Red
7.4,0.61,0.01,2,0.074,13,38,0.99748,3.48,0.65,9.8,5,Red
6.9,0.3,0.49,7.6,0.057,25,156,0.9962,3.43,0.63,11,7,White
6.3,0.25,0.22,3.3,0.048,41,161,0.99256,3.16,0.5,10.5,6,White
5,0.27,0.32,4.5,0.032,58,178,0.98956,3.45,0.31,12.6,7,White
7.5,0.29,0.24,9.9,0.058,25,115,0.99567,3.15,0.46,10.9,5,White
5.4,0.27,0.22,4.6,0.022,29,107,0.98889,3.33,0.54,13.8,6,White
7,0.14,0.41,0.9,0.037,22,95,0.9914,3.25,0.43,10.9,6,White
8.1,0.31,0.36,8.2,0.028,29,142,0.9925,3.01,0.34,13,7,White
7.8,0.28,0.34,1.6,0.028,32,118,0.9901,3,0.38,12.1,7,White
6,0.23,0.15,9.7,0.048,101,207,0.99571,3.05,0.3,9.1,5,White
6.45,0.14,0.42,1.2,0.05,51,129,0.99116,3.27,0.69,11.1,7,White
7.3,0.3,0.34,2.7,0.044,34,108,0.99105,3.36,0.53,12.8,8,White
8.2,1.33,0,1.7,0.081,3,12,0.9964,3.53,0.49,10.9,5,Red
8.6,0.33,0.34,11.8,0.059,42,240,0.99882,3.17,0.52,10,6,White
8,0.43,0.36,2.3,0.075,10,48,0.9976,3.34,0.46,9.4,5,Red
7.6,0.23,0.64,12.9,0.033,54,170,0.998,3,0.53,8.8,5,White
7.4,0.16,0.3,1.4,0.064,34,166,0.99136,3.11,0.42,11.4333333333333,6,White
6.8,0.18,0.28,8.7,0.047,52,242,0.9952,3.22,0.53,10.5,6,White
6.2,0.25,0.31,3.2,0.03,32,150,0.99014,3.18,0.31,12,6,White
6.9,0.19,0.38,1.15,0.023,30,105,0.99047,3.11,0.38,11.4,5,White
6.3,0.32,0.17,17.75,0.06,51,190,0.99916,3.13,0.48,8.8,6,White
6.6,0.23,0.32,1.5,0.041,8,72,0.98949,3.22,0.39,12.7,6,White
7.8,0.32,0.44,2.7,0.104,8,17,0.99732,3.33,0.78,11,7,Red
6.5,0.19,0.27,4.9,0.037,13,101,0.9916,3.17,0.41,11.8,6,White
6.4,0.24,0.25,20.2,0.083,35,157,0.99976,3.17,0.5,9.1,5,White
9.3,0.41,0.39,2.2,0.064,12,31,0.9984,3.26,0.65,10.2,5,Red
7.3,0.24,0.43,2,0.021,20,69,0.99,3.08,0.56,12.2,6,White
7.7,0.25,0.49,2.5,0.047,31,169,0.99252,3.07,0.57,10.6,6,White
7.1,0.45,0.24,2.7,0.04,24,87,0.98862,2.94,0.38,13.4,8,White
7.6,0.49,0.26,1.6,0.236,10,88,0.9968,3.11,0.8,9.3,5,Red
5.7,0.18,0.36,1.2,0.046,9,71,0.99199,3.7,0.68,10.9,7,White
7.3,1.07,0.09,1.7,0.178,10,89,0.9962,3.3,0.57,9,5,Red
6.8,0.63,0.07,2.1,0.089,11,44,0.9953,3.47,0.55,10.4,6,Red
11.9,0.58,0.58,1.9,0.071,5,18,0.998,3.09,0.63,10,6,Red
7.1,0.22,0.49,1.8,0.039,8,18,0.99344,3.39,0.56,12.4,6,Red
6.7,0.3,0.29,2.8,0.025,37,107,0.99159,3.31,0.63,11.3,7,White
8,0.28,0.42,7.1,0.045,41,169,0.9959,3.17,0.43,10.6,5,White
7.7,0.28,0.33,6.7,0.037,32,155,0.9951,3.39,0.62,10.7,7,White
6.2,0.56,0.09,1.7,0.053,24,32,0.99402,3.54,0.6,11.3,5,Red
6.4,0.2,0.15,6.6,0.046,26,113,0.99408,2.99,0.58,9.9,6,White
8.5,0.19,0.56,17.3,0.055,47,169,1.00047,3.07,0.67,9.3,6,White
5,0.4,0.5,4.3,0.046,29,80,0.9902,3.49,0.66,13.6,6,Red
6.3,0.41,0.33,4.7,0.023,28,110,0.991,3.3,0.38,12.5,7,White
9.9,1.005,0.46,1.4,0.046,34,185,0.9966,3.02,0.49,10.2,4,White
6.2,0.33,0.14,4.8,0.052,27,128,0.99475,3.21,0.48,9.4,5,White
6,0.26,0.5,2.2,0.048,59,153,0.9928,3.08,0.61,9.8,5,White
5.8,0.29,0.05,0.8,0.038,11,30,0.9924,3.36,0.35,9.2,5,White
6.9,0.27,0.4,14,0.05,64,227,0.9979,3.18,0.58,9.6,6,White
12.3,0.39,0.63,2.3,0.091,6,18,1.0004,3.16,0.49,9.5,5,Red
7.4,0.25,0.36,13.2,0.067,53,178,0.9976,3.01,0.48,9,6,White
6.5,0.29,0.3,9.15,0.051,25,166,0.99339,3.24,0.56,11.35,6,White
11.9,0.38,0.49,2.7,0.098,12,42,1.0004,3.16,0.61,10.3,5,Red
5.2,0.22,0.46,6.2,0.066,41,187,0.99362,3.19,0.42,9.73333333333333,5,White
6.1,0.28,0.24,19.95,0.074,32,174,0.99922,3.19,0.44,9.3,6,White
7.5,0.57,0.02,2.6,0.077,11,35,0.99557,3.36,0.62,10.8,6,Red
6.1,0.6,0,1.3,0.042,24,79,0.9937,3.31,0.38,9.4,4,White
6.7,0.19,0.32,3.7,0.041,26,76,0.99173,2.9,0.57,10.5,7,White
6.4,0.64,0.21,1.8,0.081,14,31,0.99689,3.59,0.66,9.8,5,Red
6.4,0.28,0.36,1.3,0.053,28,186,0.99211,3.31,0.45,10.8,5,White
5,0.455,0.18,1.9,0.036,33,106,0.98746,3.21,0.83,14,7,White
6.2,0.15,0.27,11,0.035,46,116,0.99602,3.12,0.38,9.1,6,White
7,0.17,0.42,1,0.075,19,71,0.99103,3.32,0.62,11.4,6,White
7,0.53,0.02,1,0.036,39,107,0.993,3.2,0.32,9,5,White
6.8,0.27,0.28,13.3,0.076,50,163,0.9979,3.03,0.38,8.6,6,White
6.2,0.36,0.24,2.2,0.095,19,42,0.9946,3.57,0.57,11.7,6,Red
6.5,0.26,0.5,8,0.051,46,197,0.99536,3.18,0.47,9.5,5,White
7.9,0.26,0.41,15.15,0.04,38,216,0.9976,2.96,0.6,10,6,White
7.1,0.44,0.27,8.4,0.057,60,160,0.99257,3.16,0.36,11.8,6,White
6.7,0.13,0.29,5.3,0.051,31,122,0.9944,3.44,0.37,9.7,6,White
7.7,0.39,0.3,5.2,0.037,29,131,0.9943,3.38,0.44,11,6,White
6.4,0.25,0.28,4.9,0.03,29,98,0.99024,3.09,0.58,12.8,7,White
7.2,0.26,0.32,10.4,0.062,23,114,0.9966,3.23,0.49,10.5,5,White
7,0.33,0.78,9.9,0.042,21,251,0.99435,3.01,0.55,11,6,White
7.1,0.21,0.35,2.5,0.04,41,186,0.99128,3.32,0.56,12.5,6,White
6.4,0.23,0.39,1.8,0.032,23,118,0.9912,3.32,0.5,11.8,6,White
7,0.48,0.12,4.5,0.05,23,86,0.99398,2.86,0.35,9,5,White
6.1,0.21,0.38,1.5,0.039,37,122,0.98972,3.2,0.43,12,6,White
11.4,0.26,0.44,3.6,0.071,6,19,0.9986,3.12,0.82,9.3,6,Red
7,0.26,0.26,10.8,0.039,37,184,0.99787,3.47,0.58,10.3,7,White
6.3,0.48,0.48,1.8,0.035,35,96,0.99121,3.49,0.74,12.2,6,White
7.1,0.31,0.3,2.2,0.053,36,127,0.9965,2.94,1.62,9.5,5,Red
6,0.27,0.27,1.6,0.046,32,113,0.9924,3.41,0.51,10.5,7,White
7.6,0.645,0.03,1.9,0.086,14,57,0.9969,3.37,0.46,10.3,5,Red
9.2,0.41,0.5,2.5,0.055,12,25,0.9952,3.34,0.79,13.3,7,Red
7.8,0.28,0.49,1.3,0.046,27,142,0.9936,3.09,0.59,10.2,5,White
6.1,0.44,0.28,4.25,0.032,43,132,0.9916,3.26,0.47,11.3,7,White
6.6,0.39,0.38,9.7,0.053,49,226,0.99787,3.3,0.57,9.4,6,White
7.6,0.17,0.45,11.2,0.054,56,137,0.997,3.15,0.47,10,5,White
10.5,0.51,0.64,2.4,0.107,6,15,0.9973,3.09,0.66,11.8,7,Red
6.2,0.22,0.28,2.2,0.04,24,125,0.9917,3.19,0.48,10.5,6,White
7.4,0.15,0.42,1.7,0.045,49,154,0.992,3,0.6,10.4,6,White
7.4,0.21,0.8,12.3,0.038,77,183,0.99778,2.95,0.48,9,5,White
7.1,0.72,0,1.8,0.123,6,14,0.99627,3.45,0.58,9.8,5,Red
7.4,0.21,0.27,1.2,0.041,27,99,0.9927,3.19,0.33,9.8,6,White
6.8,0.41,0.3,8.8,0.045,28,131,0.9953,3.12,0.59,9.9,5,White
7,0.23,0.33,5.8,0.04,25,136,0.995,3.19,0.58,9.5,6,White
7.4,0.18,0.42,2.1,0.036,33,187,0.9938,3.4,0.41,10.6,7,White
5.6,0.5,0.09,2.3,0.049,17,99,0.9937,3.63,0.63,13,5,Red
5.7,0.27,0.16,9,0.053,32,111,0.99474,3.36,0.37,10.4,6,White
7.4,0.2,0.36,1.2,0.038,44,111,0.9926,3.36,0.34,9.9,6,White
6.4,0.3,0.38,7.8,0.046,35,192,0.9955,3.1,0.37,9,5,White
5.7,0.18,0.22,4.2,0.042,25,111,0.994,3.35,0.39,9.4,5,White
6.8,0.22,0.41,6.7,0.034,39,116,0.99245,3.18,0.46,11.5,6,White
7.8,0.53,0.01,1.6,0.077,3,19,0.995,3.16,0.46,9.8,5,Red
8.2,0.27,0.43,1.6,0.035,31,128,0.9916,3.1,0.5,12.3,6,White
7.5,0.33,0.48,19.45,0.048,55,243,1.001,2.95,0.4,8.8,5,White
6.8,0.17,0.32,1.4,0.04,35,106,0.99026,3.16,0.66,12,5,White
6.2,0.25,0.21,15.55,0.039,28,159,0.9982,3.48,0.64,9.6,6,White
6,0.13,0.36,1.6,0.052,23,72,0.98974,3.1,0.5,11.5,7,White
6,0.28,0.24,17.8,0.047,42,111,0.99896,3.1,0.45,8.9,6,White
7.5,0.29,0.67,8.1,0.037,53,166,0.9966,2.9,0.41,8.9,6,White
7,0.26,0.59,1.4,0.037,40,120,0.9918,3.34,0.41,11.1,7,White
8.4,0.27,0.46,8.7,0.048,39,197,0.9974,3.14,0.59,9.6,6,White
5.4,0.53,0.16,2.7,0.036,34,128,0.98856,3.2,0.53,13.2,8,White
11.1,0.44,0.42,2.2,0.064,14,19,0.99758,3.25,0.57,10.4,6,Red
9.6,0.77,0.12,2.9,0.082,30,74,0.99865,3.3,0.64,10.4,6,Red
7.2,0.27,0.28,15.2,0.046,6,41,0.99665,3.17,0.39,10.9,6,White
6.5,0.3,0.39,7.8,0.038,61,219,0.9959,3.19,0.5,9.4,5,White
6.3,0.2,0.58,1.4,0.204,15,97,0.9931,3.16,0.43,10,6,White
6.1,0.6,0.08,1.8,0.071,14,45,0.99336,3.38,0.54,11,5,Red
5,0.24,0.19,5,0.043,17,101,0.99438,3.67,0.57,10,5,White
6.1,0.28,0.27,4.7,0.03,56,140,0.99042,3.16,0.42,12.5,8,White
7.5,0.24,0.62,10.6,0.045,51,153,0.99779,3.16,0.44,8.8,5,White
6.8,0.17,0.17,5.1,0.049,26,82,0.993,3,0.38,9.8,6,White
6.9,0.48,0.36,3.5,0.03,31,135,0.9904,3.14,0.38,12.2,7,White
5.7,0.22,0.2,16,0.044,41,113,0.99862,3.22,0.46,8.9,6,White
7.4,0.21,0.27,1.2,0.041,27,99,0.9927,3.19,0.33,9.8,6,White
6.8,0.63,0.04,1.3,0.058,25,133,0.99271,3.17,0.39,10.2,4,White
6.3,0.41,0.22,7.3,0.035,23,117,0.99172,3.2,0.39,11.94,7,White
8,0.33,0.53,2.5,0.091,18,80,0.9976,3.37,0.8,9.6,6,Red
6,0.33,0.38,9.7,0.04,29,124,0.9954,3.47,0.48,11,6,White
6.8,0.28,0.29,11.9,0.052,51,149,0.99544,3.02,0.58,10.4,6,White
7.4,0.3,0.3,5.2,0.053,45,163,0.9941,3.12,0.45,10.3,6,White
7.6,0.54,0.13,2.5,0.097,24,66,0.99785,3.39,0.61,9.4,5,Red
6.4,0.105,0.29,1.1,0.035,44,140,0.99142,3.17,0.55,10.7,7,White
9.5,0.37,0.52,2,0.082,6,26,0.998,3.18,0.51,9.5,5,Red
8.3,0.845,0.01,2.2,0.07,5,14,0.9967,3.32,0.58,11,4,Red
9,0.26,0.34,6.7,0.029,21,162,0.99497,3.08,0.5,10.6,6,White
7.5,0.25,0.32,8.2,0.024,53,209,0.99563,3.12,0.46,10.8,6,White
7.3,0.2,0.29,19.9,0.039,69,237,1.00037,3.1,0.48,9.2,6,White
6.9,0.24,0.23,7.1,0.041,20,97,0.99246,3.1,0.85,11.4,6,White
5.2,0.28,0.29,1.1,0.028,18,69,0.99168,3.24,0.54,10,6,White
6.9,0.4,0.22,5.95,0.081,76,303,0.99705,3.4,0.57,9.4,5,White
6.9,0.19,0.31,19.25,0.043,38,167,0.99954,2.93,0.52,9.1,7,White
7.6,0.28,0.39,1.2,0.038,21,115,0.994,3.16,0.67,10,6,White
5.8,0.27,0.27,12.3,0.045,55,170,0.9972,3.28,0.42,9.3,6,White
6.4,0.3,0.27,4.4,0.055,17,135,0.9925,3.23,0.44,12.2,6,White
7.1,0.18,0.32,12.2,0.048,36,125,0.9967,2.92,0.54,9.4,6,White
7.3,0.34,0.3,9.4,0.057,34,178,0.99554,3.15,0.44,10.4,6,White
9.8,0.44,0.4,2.8,0.036,35,167,0.9956,2.97,0.39,9.2,5,White
6.4,0.23,0.27,2.1,0.042,35,100,0.99094,3.03,0.63,10.9,6,White
7.7,0.29,0.29,4.8,0.06,27,156,0.99572,3.49,0.59,10.3,6,White
6.5,0.37,0.3,2.2,0.033,39,107,0.98894,3.22,0.53,13.5,7,White
8.1,0.3,0.31,1.1,0.041,49,123,0.9914,2.99,0.45,11.1,6,White
7.5,0.41,0.15,3.7,0.104,29,94,0.99786,3.14,0.58,9.1,5,Red
6.5,0.22,0.45,8,0.053,52,196,0.9959,3.23,0.48,9.1,6,White
6.2,0.2,0.31,1,0.031,22,73,0.99035,3.24,0.52,11.3,6,White
6.8,0.34,0.27,5.2,0.06,14,169,0.99252,3.27,0.57,11.6,6,White
7.6,0.9,0.06,2.5,0.079,5,10,0.9967,3.39,0.56,9.8,5,Red
7,0.29,0.49,3.8,0.047,37,136,0.9938,2.95,0.4,9.4,6,White
8,0.45,0.28,10.8,0.051,25,157,0.9957,3.06,0.47,11.4,7,White
7.2,0.26,0.38,1.5,0.061,12,120,0.99192,3.18,0.46,10.4,5,White
5.4,0.415,0.19,1.6,0.039,27,88,0.99265,3.54,0.41,10,7,White
7.4,0.16,0.32,1.4,0.065,23,140,0.99134,3.06,0.47,11.4,6,White
8,0.25,0.49,1.2,0.061,27,117,0.9938,3.08,0.34,9.4,5,White
8.8,0.955,0.05,1.8,0.075,5,19,0.99616,3.3,0.44,9.6,4,Red
8.4,0.29,0.4,1.7,0.067,8,20,0.99603,3.39,0.6,10.5,5,Red
6.6,0.29,0.29,1.8,0.036,38,102,0.98819,3.08,0.42,13.7,7,White
7.2,0.32,0.47,5.1,0.044,19,65,0.991,3.03,0.41,12.6,4,White
9.4,0.4,0.31,2.2,0.09,13,62,0.9966,3.07,0.63,10.5,6,Red
7.8,0.29,0.36,7,0.042,38,161,0.9941,3.26,0.37,11.2,8,White
7.9,0.18,0.49,5.2,0.051,36,157,0.9953,3.18,0.48,10.6,6,White
6.2,0.53,0.02,0.9,0.035,6,81,0.99234,3.24,0.35,9.5,4,White
6.7,0.46,0.24,1.7,0.077,18,34,0.9948,3.39,0.6,10.6,6,Red
5.8,0.2,0.27,1.4,0.031,12,77,0.9905,3.25,0.36,10.9,7,White
7.8,0.815,0.01,2.6,0.074,48,90,0.99621,3.38,0.62,10.8,5,Red
8,0.18,0.37,0.9,0.049,36,109,0.99007,2.89,0.44,12.7,6,Red
8.3,0.26,0.42,2,0.08,11,27,0.9974,3.21,0.8,9.4,6,Red
6.4,0.57,0.02,1.8,0.067,4,11,0.997,3.46,0.68,9.5,5,Red
6.1,0.17,0.27,1.5,0.056,45,135,0.9924,3.2,0.43,10.2,6,White
7.1,0.59,0.02,2.3,0.082,24,94,0.99744,3.55,0.53,9.7,6,Red
6.8,0.24,0.4,1.8,0.047,34,105,0.99,3.13,0.49,12.8,8,White
6.8,0.14,0.18,1.4,0.047,30,90,0.99164,3.27,0.54,11.2,6,White
10.6,0.36,0.6,2.2,0.152,7,18,0.9986,3.04,1.06,9.4,5,Red
6.8,0.18,0.28,9.8,0.039,29,113,0.99406,3.11,0.45,10.9,7,White
6.5,0.44,0.49,7.7,0.045,16,169,0.9957,3.11,0.37,8.7,6,White
6.7,0.43,0.23,5,0.157,49,145,0.99471,3.17,0.49,9.4,5,White
6.1,0.19,0.25,4,0.023,23,112,0.9923,3.37,0.51,11.6,6,White
6.8,0.18,0.37,1.5,0.027,37,93,0.992,3.3,0.45,10.8,6,White
8,0.22,0.32,10.4,0.043,63,201,0.997,3.11,0.53,9.5,6,White
7.4,0.25,0.37,13.5,0.06,52,192,0.9975,3,0.44,9.1,5,White
7.5,0.63,0.12,5.1,0.111,50,110,0.9983,3.26,0.77,9.4,5,Red
8.4,0.17,0.31,5.4,0.052,47,150,0.9953,3.24,0.38,9.8,5,White
7.1,0.27,0.6,2.1,0.074,17,25,0.99814,3.38,0.72,10.6,6,Red
7.9,0.34,0.44,6.5,0.027,47,126,0.99124,2.96,0.37,12.5,6,White
6.4,0.18,0.74,11.9,0.046,54,168,0.9978,3.58,0.68,10.1,5,White
7,0.21,0.28,8.7,0.045,37,222,0.9954,3.25,0.54,10.4,6,White
6.9,0.15,0.29,2.3,0.033,14,82,0.99132,3.1,0.58,11.2,7,White
6.2,0.35,0.2,18.1,0.069,33,158,0.99908,3.15,0.5,8.8,6,White
7.4,0.41,0.66,10.8,0.051,77,194,0.9976,3.05,0.46,8.7,5,White
9,0.29,0.34,12.1,0.03,34,177,0.99706,3.13,0.47,10.6,5,White
5.9,0.44,0.33,1.2,0.049,12,117,0.99134,3.46,0.44,11.5,5,White
6.8,0.26,0.34,13.9,0.034,39,134,0.9949,3.33,0.53,12,6,White
9.9,0.57,0.25,2,0.104,12,89,0.9963,3.04,0.9,10.1,5,Red
8.3,0.2,0.49,1.7,0.038,38,167,0.9939,3.05,0.37,10.1,6,White
10.7,0.4,0.37,1.9,0.081,17,29,0.99674,3.12,0.65,11.2,6,Red
9,0.46,0.31,2.8,0.093,19,98,0.99815,3.32,0.63,9.5,6,Red
6.8,0.22,0.31,6.3,0.035,33,170,0.9918,3.24,0.66,12.6,6,White
6.5,0.26,0.34,1.4,0.04,25,184,0.99216,3.29,0.46,10.7,5,White
4.9,0.42,0,2.1,0.048,16,42,0.99154,3.71,0.74,14,7,Red
6,0.28,0.24,17.8,0.047,42,111,0.99896,3.1,0.45,8.9,6,White
6.4,0.28,0.44,7.1,0.048,49,179,0.99528,3.15,0.48,9.2,5,White
6.8,0.25,0.18,1.4,0.056,13,137,0.9935,3.11,0.42,9.5,5,White
8.5,0.21,0.26,9.25,0.034,73,142,0.9945,3.05,0.37,11.4,6,White
7.3,0.22,0.37,15.5,0.048,70,203,0.99899,3.25,0.77,9.4,5,White
6.2,0.45,0.2,1.6,0.069,3,15,0.9958,3.41,0.56,9.2,5,Red
6.8,0.3,0.24,6.6,0.123,35,116,0.9953,3.07,0.48,9.4,5,White
6.8,0.32,0.43,1.6,0.05,4,65,0.99346,3.27,0.47,10.7,5,White
14.2,0.27,0.49,1.1,0.037,33,156,0.992,3.15,0.54,11.1,6,White
6.4,0.475,0.06,1,0.03,9,131,0.9904,2.97,0.29,10.8,5,White
5.8,0.58,0,1.5,0.02,33,96,0.98918,3.29,0.38,12.4,6,White
5.7,0.22,0.25,1.1,0.05,97,175,0.99099,3.44,0.62,11.1,6,White
6.9,0.25,0.26,5.2,0.024,36,135,0.9948,3.16,0.72,10.7,7,White
6.4,0.25,0.41,8.6,0.042,57,173,0.9965,3,0.44,9.1,5,White
7.9,0.69,0.21,2.1,0.08,33,141,0.9962,3.25,0.51,9.9,5,Red
6.4,0.28,0.22,12.8,0.039,51,150,0.99535,3.23,0.43,10.7,6,White
10.4,0.41,0.55,3.2,0.076,22,54,0.9996,3.15,0.89,9.9,6,Red
6.8,0.14,0.35,1.5,0.047,40,117,0.99111,3.07,0.72,11.1,6,White
9.2,0.23,0.3,1.1,0.031,40,99,0.9929,2.94,0.3,10.4,6,White
6.7,0.24,0.41,9.4,0.04,49,166,0.9954,3.12,0.61,9.9,6,White
6.4,0.28,0.19,5.4,0.042,67,181,0.99435,3.31,0.35,10.2,6,White
6.9,0.52,0.25,2.6,0.081,10,37,0.99685,3.46,0.5,11,5,Red
6.8,0.26,0.44,8.2,0.046,52,183,0.99584,3.2,0.51,9.4,5,White
7.4,0.3,0.32,1.7,0.03,23,128,0.9929,3.17,0.66,10.9,5,White
6.9,0.35,0.55,11.95,0.038,22,111,0.99687,3.11,0.29,9.7,5,White
7.4,0.16,0.27,15.5,0.05,25,135,0.9984,2.9,0.43,8.7,7,White
7.5,0.18,0.45,4.6,0.041,67,158,0.9927,3.01,0.38,10.6,6,White
6.4,0.25,0.32,5.5,0.049,41,176,0.995,3.19,0.68,9.2,6,White
5.1,0.25,0.36,1.3,0.035,40,78,0.9891,3.23,0.64,12.1,7,White
6.6,0.26,0.22,18.15,0.05,23,139,0.99904,3.06,0.5,9.2,5,White
7,0.21,0.22,5.1,0.048,38,168,0.9945,3.34,0.49,10.4,6,White
7.6,0.39,0.22,2.8,0.036,19,113,0.9926,3.03,0.29,10.2,5,White
7.1,0.31,0.17,1,0.042,21,144,0.99304,3.13,0.4,9.6,5,White
8.8,0.4,0.4,2.2,0.079,19,52,0.998,3.44,0.64,9.2,5,Red
6,0.22,0.25,11.1,0.056,112,177,0.9961,3.08,0.36,9.4,6,White
6.2,0.16,0.32,1.1,0.036,74,184,0.99096,3.22,0.41,11,6,White
11.6,0.41,0.54,1.5,0.095,22,41,0.99735,3.02,0.76,9.9,7,Red
8.7,0.48,0.3,2.8,0.066,10,28,0.9964,3.33,0.67,11.2,7,Red
6.3,0.39,0.22,2.8,0.048,53,173,0.99304,3.24,0.45,9.8,5,White
6.9,0.29,0.4,19.45,0.043,36,156,0.9996,2.93,0.47,8.9,5,White
7.1,0.25,0.31,2.3,0.05,32,156,0.9914,3.14,0.51,11.4,6,White
7.1,0.2,0.37,1.5,0.049,28,129,0.99226,3.15,0.52,10.8,5,White
7.8,0.28,0.32,9,0.036,34,115,0.9952,3.17,0.39,10.3,7,White
5.7,0.25,0.27,11.5,0.04,24,120,0.99411,3.33,0.31,10.8,6,White
6.1,0.37,0.36,4.7,0.035,36,116,0.991,3.31,0.62,12.6,6,White
6.8,0.27,0.3,13,0.047,69,160,0.99705,3.16,0.5,9.6,6,White
8.4,0.27,0.3,2.2,0.037,36,129,0.99085,2.89,0.3,11.4666666666667,6,White
6.6,0.42,0.33,2.8,0.034,15,85,0.99,3.28,0.51,13.4,6,White
6.4,0.18,0.31,1.6,0.049,36,127,0.9934,3.6,0.67,10.4,7,White
7.3,0.18,0.29,1,0.036,26,101,0.99,3.09,0.37,11.7,6,White
6,0.28,0.52,5,0.078,30,139,0.99494,3.1,0.36,9,6,White
6.5,0.88,0.03,5.6,0.079,23,47,0.99572,3.58,0.5,11.2,4,Red
8.5,0.28,0.56,1.8,0.092,35,103,0.9969,3.3,0.75,10.5,7,Red
8.9,0.48,0.53,4,0.101,3,10,0.99586,3.21,0.59,12.1,7,Red
8.5,0.24,0.47,15.2,0.057,40,234,1.0005,3.02,0.66,9,5,White
7.3,0.34,0.21,3.2,0.05,14,136,0.9936,3.25,0.44,10.2,5,White
6,0.42,0.19,2,0.075,22,47,0.99522,3.39,0.78,10,6,Red
6.8,0.3,0.35,2.8,0.038,10,164,0.9912,3.09,0.53,12,6,White
6.2,0.25,0.42,8,0.049,53,206,0.99586,3.16,0.47,9.1,6,White
6.6,0.23,0.32,1.7,0.024,26,102,0.99084,3.29,0.6,11.8,6,White
6.5,0.51,0.25,1.7,0.048,39,177,0.99212,3.28,0.57,10.6,5,White
10.1,0.27,0.54,2.3,0.065,7,26,0.99531,3.17,0.53,12.5,6,Red
6.4,0.17,0.3,2.8,0.034,33,125,0.99152,3.03,0.49,10.4,6,White
10.2,0.24,0.49,2.4,0.075,10,28,0.9978,3.14,0.61,10.4,5,Red
8.2,0.18,0.49,1.1,0.033,28,81,0.9923,3,0.68,10.4,7,White
7,0.24,0.3,4.2,0.04,41,213,0.9927,3.28,0.49,11.8,6,White
7.2,0.25,0.32,1.5,0.047,27,132,0.9933,3.26,0.44,10.5,5,White
7.4,0.32,0.55,16.6,0.056,53,238,1.0017,2.96,0.58,8.7,6,White
8.4,0.31,0.31,0.95,0.021,52,148,0.99038,2.93,0.32,11.5,5,White
6.9,0.2,0.5,10,0.036,78,167,0.9964,3.15,0.55,10.2,6,White
6.8,0.21,0.27,18.15,0.042,41,146,1.0001,3.3,0.36,8.7,5,White
6.3,0.24,0.35,2.3,0.039,43,109,0.99056,3.34,0.44,11.8,6,White
7.5,0.31,0.51,14.8,0.039,62,204,0.9982,3.06,0.6,9.5,5,White
5.2,0.6,0.07,7,0.044,33,147,0.9944,3.33,0.58,9.7,5,White
7.5,0.17,0.32,1.7,0.04,51,148,0.9916,3.21,0.44,11.5,7,White
8.2,0.34,0.29,5.2,0.076,19,92,0.99138,2.95,0.39,12.5,6,White
5.8,0.15,0.32,1.2,0.037,14,119,0.99137,3.19,0.5,10.2,6,White
6.2,0.2,0.33,5.4,0.028,21,75,0.99012,3.36,0.41,13.5,7,White
11.9,0.58,0.66,2.5,0.072,6,37,0.9992,3.05,0.56,10,5,Red
7.8,0.49,0.49,7,0.043,29,149,0.9952,3.21,0.33,10,5,White
7.9,0.51,0.25,2.9,0.077,21,45,0.9974,3.49,0.96,12.1,6,Red
6.3,0.4,0.32,10.6,0.049,38,209,0.9981,3.47,0.59,9.3,6,White
6.5,0.08,0.33,1.9,0.028,23,93,0.991,3.34,0.7,12,7,White
7.2,0.57,0.05,2.3,0.081,16,36,0.99564,3.38,0.6,10.3,6,Red
6.6,0.17,0.35,2.6,0.03,33,78,0.99146,3.22,0.72,11.3,6,White
7.5,0.22,0.33,6.7,0.036,45,138,0.9939,3.2,0.68,11.4,6,White
6.1,0.27,0.3,16.7,0.039,49,172,0.99985,3.4,0.45,9.4,5,White
7,0.65,0.02,2.1,0.066,8,25,0.9972,3.47,0.67,9.5,6,Red
5.2,0.49,0.26,2.3,0.09,23,74,0.9953,3.71,0.62,12.2,6,Red
6.4,0.57,0.12,2.3,0.12,25,36,0.99519,3.47,0.71,11.3,7,Red
7.6,0.39,0.32,3.6,0.035,22,93,0.99144,3.08,0.6,12.5,7,White
6.7,0.31,0.3,2.1,0.038,18,130,0.9928,3.36,0.63,10.6,6,White
6.1,0.27,0.31,3.9,0.034,42,137,0.99218,3.24,0.46,10.9,6,White
5.6,0.54,0.04,1.7,0.049,5,13,0.9942,3.72,0.58,11.4,5,Red
6.6,0.735,0.02,7.9,0.122,68,124,0.9994,3.47,0.53,9.9,5,Red
7.1,0.18,0.39,15.25,0.047,45,158,0.99946,3.34,0.77,9.1,6,White
7.8,0.43,0.49,13,0.033,37,158,0.9955,3.14,0.35,11.3,6,White
5.6,0.24,0.34,2,0.041,14,73,0.98981,3.04,0.45,11.6,7,White
11.6,0.41,0.58,2.8,0.096,25,101,1.00024,3.13,0.53,10,5,Red
7.6,0.29,0.49,2.7,0.092,25,60,0.9971,3.31,0.61,10.1,6,Red
7,0.29,0.33,0.9,0.041,20,117,0.99048,3.21,0.5,11.4,5,White
6,0.24,0.41,1.3,0.036,42,118,0.99018,3.04,0.64,11.7333333333333,6,White
7.5,0.19,0.4,7.1,0.056,50,110,0.9954,3.06,0.52,9.9,6,White
6.6,0.41,0.27,10.7,0.11,20,103,0.99672,3.08,0.41,9,6,White
5.4,0.74,0.09,1.7,0.089,16,26,0.99402,3.67,0.56,11.6,6,Red
6.9,0.2,0.34,1.9,0.043,25,136,0.9935,3.31,0.6,10.1,4,White
7.7,0.3,0.42,14.3,0.045,45,213,0.9991,3.18,0.63,9.2,5,White
8,0.22,0.28,14,0.053,83,197,0.9981,3.14,0.45,9.8,6,White
5.7,0.265,0.28,6.9,0.036,46,150,0.99299,3.36,0.44,10.8,7,White
6,0.16,0.27,12,0.03,39,98,0.99402,3.15,0.34,10.8,5,White
8.6,0.49,0.28,1.9,0.11,20,136,0.9972,2.93,1.95,9.9,6,Red
6.8,0.23,0.42,7.4,0.044,56,189,0.9958,3.22,0.48,9.3,6,White
7.5,0.26,0.38,5.7,0.021,23,125,0.99338,3.13,0.62,11.1,6,White
6.8,0.56,0.22,1.8,0.074,15,24,0.99438,3.4,0.82,11.2,6,Red
6.4,0.37,0.12,5.9,0.056,6,91,0.99536,3.06,0.46,8.4,4,White
6.6,0.22,0.37,15.4,0.035,62,153,0.99845,3.02,0.4,9.3,5,White
8.8,0.6,0.29,2.2,0.098,5,15,0.9988,3.36,0.49,9.1,5,Red
6,0.18,0.31,1.4,0.036,14,75,0.99085,3.34,0.58,11.1,8,White
6.3,0.24,0.29,13.7,0.035,53,134,0.99567,3.17,0.38,10.6,6,White
7.4,0.49,0.27,2.1,0.071,14,25,0.99388,3.35,0.63,12,6,Red
6.2,0.65,0.06,1.6,0.05,6,18,0.99348,3.57,0.54,11.95,5,Red
6.2,0.24,0.27,2.9,0.039,30,123,0.98959,3.12,0.37,12.8,6,White
8.3,0.25,0.33,2.5,0.053,12,72,0.99404,2.89,0.48,9.5,5,White
6.4,0.42,0.19,9.3,0.043,28,145,0.99433,3.23,0.53,10.98,5,White
6.5,0.53,0.06,2,0.063,29,44,0.99489,3.38,0.83,10.3,6,Red
6.2,0.1,0.41,1,0.04,17,76,0.98988,3.14,0.56,11.4,7,White
7.3,0.27,0.39,6.7,0.064,28,188,0.9958,3.29,0.3,9.7,5,White
7.6,0.35,0.6,2.6,0.073,23,44,0.99656,3.38,0.79,11.1,6,Red
6.8,0.22,0.35,17.5,0.039,38,153,0.9994,3.24,0.42,9,6,White
6.3,0.22,0.22,5.6,0.039,31,128,0.99296,3.12,0.46,10.4,6,White
7.9,0.16,0.3,7.4,0.05,58,152,0.99612,3.12,0.37,9.5,6,White
7.2,0.34,0.23,8.9,0.105,22,155,0.99692,3.01,0.58,9.5,5,White
5.6,0.15,0.31,5.3,0.038,8,79,0.9923,3.3,0.39,10.5,6,White
6.8,0.4,0.29,2.8,0.044,27,97,0.9904,3.12,0.42,11.2,6,White
8.1,0.17,0.21,1.6,0.036,24,119,0.99396,3.18,0.52,10.1,6,White
6.9,0.4,0.24,2.5,0.083,30,45,0.9959,3.26,0.58,10,5,Red
5.1,0.165,0.22,5.7,0.047,42,146,0.9934,3.18,0.55,9.9,6,White
5.5,0.42,0.09,1.6,0.019,18,68,0.9906,3.33,0.51,11.4,7,White
6,0.27,0.32,3.6,0.035,36,133,0.99215,3.23,0.46,10.8,6,White
6.2,0.23,0.36,17.2,0.039,37,130,0.99946,3.23,0.43,8.8,6,White
7.6,0.22,0.34,9.7,0.035,26,143,0.9965,3.08,0.49,9.8,6,White
8.1,1.33,0,1.8,0.082,3,12,0.9964,3.54,0.48,10.9,5,Red
7.5,0.29,0.67,8.1,0.037,53,166,0.9966,2.9,0.41,8.9,6,White
7.4,0.18,0.3,10.4,0.045,44,174,0.9966,3.11,0.57,9.7,6,White
10.2,0.54,0.37,15.4,0.214,55,95,1.00369,3.18,0.77,9,6,Red
7.8,0.5,0.3,1.9,0.075,8,22,0.9959,3.31,0.56,10.4,6,Red
5.7,0.385,0.04,12.6,0.034,22,115,0.9964,3.28,0.63,9.9,6,White
7.6,0.48,0.31,9.4,0.046,6,194,0.99714,3.07,0.61,9.4,5,White
7.5,0.27,0.79,11.95,0.04,51,159,0.99839,2.98,0.44,8.7,5,White
7.5,0.34,0.28,4,0.028,46,100,0.98958,3.2,0.5,13.2,7,White
9,0.31,0.48,6.6,0.043,11,73,0.9938,2.9,0.38,11.6,5,White
8.9,0.34,0.34,1.6,0.056,13,176,0.9946,3.14,0.47,9.7,5,White
6.8,0.12,0.31,5.2,0.045,29,120,0.9942,3.41,0.46,9.8,7,White
7,0.34,0.26,10.3,0.041,51,166,0.99382,3.08,0.35,11.6,6,White
6.5,0.26,0.34,16.3,0.051,56,197,1.0004,3.49,0.42,9.8,5,White
10.7,0.22,0.56,8.2,0.044,37,181,0.998,2.87,0.68,9.5,6,White
6.8,0.56,0.03,1.7,0.084,18,35,0.9968,3.44,0.63,10,6,Red
6.8,0.39,0.35,11.6,0.044,57,220,0.99775,3.07,0.53,9.3,5,White
6.7,0.18,0.28,10.2,0.039,29,115,0.99469,3.11,0.45,10.9,7,White
7.4,0.21,0.27,7.3,0.031,41,144,0.9932,3.15,0.38,11.8,7,White
6,0.29,0.41,10.8,0.048,55,149,0.9937,3.09,0.59,10.9666666666667,7,White
12.6,0.41,0.54,2.8,0.103,19,41,0.99939,3.21,0.76,11.3,6,Red
10.5,0.59,0.49,2.1,0.07,14,47,0.9991,3.3,0.56,9.6,4,Red
8,0.27,0.57,10.4,0.053,18,134,0.99732,3.12,0.68,9,5,White
9.5,0.59,0.44,2.3,0.071,21,68,0.9992,3.46,0.63,9.5,5,Red
6,0.19,0.29,1.2,0.046,29,92,0.99033,3.22,0.53,11.3,6,White
8.7,0.29,0.52,1.6,0.113,12,37,0.9969,3.25,0.58,9.5,5,Red
7.2,0.24,0.29,2.2,0.037,37,102,0.992,3.27,0.64,11,7,White
7.6,0.36,0.31,1.7,0.079,26,65,0.99716,3.46,0.62,9.5,6,Red
6.6,0.22,0.37,1.2,0.059,45,199,0.993,3.37,0.55,10.3,7,White
6.2,0.26,0.19,3.4,0.049,47,172,0.9924,3.14,0.43,10.4,6,White
7.9,0.29,0.49,2.2,0.096,21,59,0.99714,3.31,0.67,10.1,6,Red
5.8,0.13,0.26,5.1,0.039,19,103,0.99478,3.36,0.47,9.3,6,White
6.6,0.725,0.2,7.8,0.073,29,79,0.9977,3.29,0.54,9.2,5,Red
7,0.25,0.45,2.3,0.045,40,118,0.99064,3.16,0.48,11.9,7,White
6.1,0.255,0.44,12.3,0.045,53,197,0.9967,3.24,0.54,9.5,6,White
8.8,0.685,0.26,1.6,0.088,16,23,0.99694,3.32,0.47,9.4,5,Red
6.7,0.28,0.14,1.4,0.043,64,159,0.992,3.17,0.39,10,5,White
7.4,0.36,0.3,1.8,0.074,17,24,0.99419,3.24,0.7,11.4,8,Red
8.2,0.2,0.38,3.5,0.053,41,174,0.99306,3.22,0.41,11.6,5,White
7.8,0.23,0.28,4.75,0.042,45,166,0.9928,2.96,0.4,11.5,5,White
5.7,0.28,0.3,3.9,0.026,36,105,0.98963,3.26,0.58,12.75,6,White
7.2,0.685,0.21,9.5,0.07,33,172,0.9971,3,0.55,9.1,6,White
6.6,0.26,0.27,11.8,0.048,28,112,0.99606,2.87,0.49,9.7,6,White
7.3,0.37,0.16,14.9,0.048,59,240,0.99902,3.13,0.45,8.9,5,White
7.1,0.36,0.28,2.4,0.036,35,115,0.98936,3.19,0.44,13.5,7,White
8.2,0.915,0.27,2.1,0.088,7,23,0.9962,3.26,0.47,10,4,Red
5.2,0.44,0.04,1.4,0.036,43,119,0.9894,3.36,0.33,12.1,8,White
7.6,0.46,0.11,2.6,0.079,12,49,0.9968,3.21,0.57,10,5,Red
6,0.24,0.27,1.9,0.048,40,170,0.9938,3.64,0.54,10,7,White
5.3,0.4,0.25,3.9,0.031,45,130,0.99072,3.31,0.58,11.75,7,White
8,0.18,0.37,0.9,0.049,36,109,0.99007,2.89,0.44,12.7,6,Red
7,0.22,0.31,2.7,0.03,41,136,0.9898,3.16,0.37,12.7,7,White
6.9,0.3,0.21,7.2,0.045,54,190,0.99595,3.22,0.48,9.4,5,White
9.3,0.715,0.24,2.1,0.07,5,20,0.9966,3.12,0.59,9.9,5,Red
6.8,0.19,0.33,4.9,0.047,42,130,0.99283,3.12,0.56,11,6,White
6,0.32,0.32,4.8,0.041,40,186,0.99235,3.22,0.54,11,6,White
10.8,0.5,0.46,2.5,0.073,5,27,1.0001,3.05,0.64,9.5,5,Red
6,0.33,0.2,1.8,0.031,49,159,0.9919,3.41,0.53,11,6,White
6.4,0.32,0.35,4.8,0.03,34,101,0.9912,3.36,0.6,12.5,8,White
6.4,0.12,0.3,1.1,0.031,37,94,0.98986,3.01,0.56,11.7,6,White
9.3,0.655,0.26,2,0.096,5,35,0.99738,3.25,0.42,9.6,5,Red
5.4,0.185,0.19,7.1,0.048,36,110,0.99438,3.26,0.41,9.5,6,White
6.8,0.27,0.22,8.1,0.034,55,203,0.9961,3.19,0.52,8.9,5,White
5.9,0.22,0.45,22.6,0.12,55,122,0.99636,3.1,0.35,12.8,5,White
8.8,0.55,0.04,2.2,0.119,14,56,0.9962,3.21,0.6,10.9,6,Red
7.4,0.16,0.49,1.2,0.055,18,150,0.9917,3.23,0.47,11.2,6,White
7.2,0.34,0.32,2.5,0.09,43,113,0.9966,3.32,0.79,11.1,5,Red
8.9,0.5,0.21,2.2,0.088,21,39,0.99692,3.33,0.83,11.1,6,Red
11.5,0.54,0.71,4.4,0.124,6,15,0.9984,3.01,0.83,11.8,7,Red
6.9,0.38,0.38,13.1,0.112,14,94,0.99792,3.02,0.48,9.2,5,White
6.4,0.32,0.26,7.9,0.05,53,180,0.99514,3.14,0.5,9.6,5,White
7.4,0.41,0.34,4.7,0.042,19,127,0.9953,3.25,0.42,10.4,5,White
8.4,0.36,0.32,2.2,0.081,32,79,0.9964,3.3,0.72,11,6,Red
6.7,0.34,0.31,16.4,0.051,20,146,0.99834,3.06,0.54,9.1,5,White
6.8,0.68,0.21,2.1,0.07,9,23,0.99546,3.38,0.6,10.3,5,Red
7.3,0.31,0.25,6.65,0.032,30,138,0.99244,2.9,0.37,11.1,5,White
6.4,0.41,0.01,6.1,0.048,20,70,0.99362,3.19,0.42,10,5,White
7.8,0.5,0.09,2.2,0.115,10,42,0.9971,3.18,0.62,9.5,5,Red
6.7,0.24,0.41,2.9,0.039,48,122,0.99052,3.25,0.43,12,5,White
9.3,0.36,0.39,1.5,0.08,41,55,0.99652,3.47,0.73,10.9,6,Red
9.2,0.43,0.49,2.4,0.086,23,116,0.9976,3.23,0.64,9.5,5,Red
6.2,0.25,0.25,1.4,0.03,35,105,0.9912,3.3,0.44,11.1,7,White
5,0.31,0,6.4,0.046,43,166,0.994,3.3,0.63,9.9,6,White
6.2,0.63,0.31,1.7,0.088,15,64,0.9969,3.46,0.79,9.3,5,Red
5.9,0.28,0.14,8.6,0.032,30,142,0.99542,3.28,0.44,9.5,6,White
6.4,0.16,0.22,1.4,0.04,41,149,0.9933,3.49,0.58,10,6,White
6.4,0.33,0.44,8.9,0.055,52,164,0.99488,3.1,0.48,9.6,5,White
8.5,0.25,0.31,2.8,0.032,11,61,0.99189,3.06,0.44,11.5,6,White
6.6,0.36,0.52,10.1,0.05,29,140,0.99628,3.07,0.4,9.4,5,White
6.9,0.35,0.74,1,0.044,18,132,0.992,3.13,0.55,10.2,5,White
6.2,0.36,0.26,13.2,0.051,54,201,0.9976,3.25,0.46,9,5,White
6.3,0.25,0.22,3.3,0.048,41,161,0.99256,3.16,0.5,10.5,6,White
6.3,0.23,0.31,1.5,0.022,11,82,0.9892,3.3,0.4,12.9,7,White
12,0.37,0.76,4.2,0.066,7,38,1.0004,3.22,0.6,13,7,Red
7.1,0.25,0.39,2.1,0.036,30,124,0.9908,3.28,0.43,12.2,8,White
6.3,0.39,0.08,1.7,0.066,3,20,0.9954,3.34,0.58,9.4,5,Red
7.2,0.23,0.38,14.3,0.058,55,194,0.9979,3.09,0.44,9,6,White
8.3,0.24,0.27,2.1,0.03,22,162,0.9914,2.99,0.68,11.9,6,White
6.8,0.18,0.32,7.2,0.047,17,109,0.99498,3.42,0.44,10.4,6,White
9,0.43,0.3,1.5,0.05,7,175,0.9951,3.11,0.45,9.7,4,White
7.1,0.6,0,1.8,0.074,16,34,0.9972,3.47,0.7,9.9,6,Red
6.9,0.21,0.28,2.4,0.056,49,159,0.9944,3.02,0.47,8.8,8,White
7.2,0.29,0.53,18.15,0.047,59,182,0.9992,3.09,0.52,9.6,5,White
7.6,0.2,0.3,14.2,0.056,53,212.5,0.999,3.14,0.46,8.9,8,White
6,0.22,0.28,1.1,0.034,47,90,0.98862,3.22,0.38,12.6,6,White
7,0.21,0.34,8.5,0.033,31,253,0.9953,3.22,0.56,10.5,6,White
6.5,0.25,0.5,7.6,0.047,54,184,0.99572,3.17,0.45,9.2,5,White
5.6,0.5,0.09,2.3,0.049,17,99,0.9937,3.63,0.63,13,5,Red
7.3,0.28,0.35,1.6,0.054,31,148,0.99178,3.18,0.47,10.7,5,White
6.7,0.24,0.39,2.9,0.173,63,157,0.9937,3.1,0.34,9.4,6,White
7.4,0.63,0.07,2.4,0.09,11,37,0.9979,3.43,0.76,9.7,6,Red
6.9,0.54,0.32,13.2,0.05,53,236,0.9973,3.2,0.5,9.6,5,White
11.6,0.42,0.53,3.3,0.105,33,98,1.001,3.2,0.95,9.2,5,Red
7.9,0.72,0.01,1.9,0.076,7,32,0.99668,3.39,0.54,9.6,5,Red
7.4,0.635,0.1,2.4,0.08,16,33,0.99736,3.58,0.69,10.8,7,Red
5.9,0.21,0.24,12.1,0.044,53,165,0.9969,3.25,0.39,9.5,5,White
6.2,0.2,0.28,1.1,0.039,24,78,0.9899,3.36,0.47,12.1,6,White
7,0.18,0.37,1.5,0.043,16,104,0.99216,3.18,0.5,10.8,5,White
10.2,0.67,0.39,1.9,0.054,6,17,0.9976,3.17,0.47,10,5,Red
6.4,0.32,0.26,7.9,0.05,53,180,0.99514,3.14,0.5,9.6,5,White
6.2,0.32,0.32,2.2,0.036,15,70,0.9899,3.16,0.48,12.7,6,White
6.6,0.46,0.49,7.4,0.052,19,184,0.9956,3.11,0.38,9,5,White
7,0.16,0.25,14.3,0.044,27,149,0.998,2.91,0.46,9.2,6,White
5.9,0.22,0.18,6.4,0.041,28,120,0.99403,3.27,0.5,9.9,5,White
6.1,0.56,0,2.2,0.079,6,9,0.9948,3.59,0.54,11.5,6,Red
7.3,0.21,0.3,10.9,0.037,18,112,0.997,3.4,0.5,9.6,6,White
6.8,0.27,0.26,16.1,0.049,55,196,0.9984,3.15,0.5,9.3,5,White
7.7,0.23,0.31,10.7,0.038,59,186,0.9969,3.12,0.55,9.5,6,White
8,0.17,0.29,2.4,0.029,52,119,0.98944,3.03,0.33,12.9,6,White
5.8,0.29,0.15,1.1,0.029,12,83,0.9898,3.3,0.4,11.4,6,White
6.8,0.24,0.49,19.3,0.057,55,247,1.00055,3,0.56,8.7,5,White
8.9,0.59,0.39,2.3,0.095,5,22,0.9986,3.37,0.58,10.3,5,Red
7.7,0.39,0.12,1.7,0.097,19,27,0.99596,3.16,0.49,9.4,5,Red
7.2,0.27,0.74,12.5,0.037,47,156,0.9981,3.04,0.44,8.7,5,White
6.7,0.15,0.32,7.9,0.034,17,81,0.99512,3.29,0.31,10,6,White
11.7,0.49,0.49,2.2,0.083,5,15,1,3.19,0.43,9.2,5,Red
7.6,0.18,0.28,7.1,0.041,29,110,0.99652,3.2,0.42,9.2,6,White
7.3,0.67,0.05,3.6,0.107,6,20,0.9972,3.4,0.63,10.1,5,Red
7.6,0.31,0.27,5.8,0.036,23,109,0.99399,3.34,0.54,11,6,White
6.8,0.39,0.31,14.35,0.043,28,162,0.9988,3.17,0.54,9.1,5,White
6,0.555,0.26,4.5,0.053,17,126,0.9943,3.24,0.46,9.1,5,White
6.6,0.23,0.24,3.9,0.045,36,138,0.9922,3.15,0.64,11.3,7,White
6.2,0.36,0.27,3.2,0.032,13,73,0.98942,2.9,0.69,12.6,7,White
6.2,0.66,0.48,1.2,0.029,29,75,0.9892,3.33,0.39,12.8,8,White
6.6,0.21,0.49,18.15,0.042,41,158,0.9997,3.28,0.39,8.7,6,White
6.2,0.31,0.23,3.3,0.052,34,113,0.99429,3.16,0.48,8.4,5,White
9.5,0.46,0.24,2.7,0.092,14,44,0.998,3.12,0.74,10,6,Red
6.4,0.33,0.31,5.5,0.048,42,173,0.9951,3.19,0.66,9.3,6,White
6.2,0.24,0.35,1.2,0.038,22,167,0.9912,3.1,0.48,10.6,6,White
7.5,0.38,0.33,9.2,0.043,19,116,0.99444,3.08,0.42,11.4,6,White
6.9,0.63,0.02,1.9,0.078,18,30,0.99712,3.4,0.75,9.8,5,Red
6.4,0.29,0.32,2.4,0.014,34,89,0.99008,3.24,0.66,12.5,7,White
5.9,0.3,0.23,4.2,0.038,42,119,0.9924,3.15,0.5,11,5,White
6.6,0.16,0.32,1.4,0.035,49,186,0.9906,3.35,0.64,12.4,8,White
6.4,0.28,0.17,8.3,0.042,61,195,0.99577,3.22,0.46,9.4,5,White
7.5,0.33,0.39,12.4,0.065,29,119,0.9974,3.16,0.39,9.4,5,White
7.1,0.59,0,2.1,0.091,9,14,0.99488,3.42,0.55,11.5,7,Red
6.1,0.19,0.37,2.6,0.041,24,99,0.99153,3.18,0.5,10.9,6,White
6.8,0.3,0.22,6.2,0.06,41,190,0.99858,3.18,0.51,9.2,5,White
7.4,0.25,0.49,1.1,0.042,35,156,0.9917,3.13,0.55,11.3,5,White
6.1,0.27,0.32,1.1,0.034,24,110,0.9898,3.36,0.4,12.5,6,White
6.4,0.26,0.43,12.6,0.033,64,230,0.9974,3.08,0.38,8.9,5,White
7.2,0.5,0,0.8,0.034,46,114,0.9932,3.19,0.34,9.2,4,White
6.6,0.21,0.3,9.9,0.041,64,174,0.995,3.07,0.5,10.1,6,White
6.2,0.3,0.3,2.5,0.041,29,82,0.99065,3.31,0.61,11.8,7,White
7.5,0.31,0.41,2.4,0.065,34,60,0.99492,3.34,0.85,11.4,6,Red
6.9,0.22,0.32,9.3,0.04,22,110,0.9958,3.34,0.54,10.7,7,White
6.6,0.25,0.29,1.1,0.068,39,124,0.9914,3.34,0.58,11,7,White
6.8,0.23,0.29,15.4,0.073,56,173,0.9984,3.06,0.41,8.7,6,White
7.2,0.16,0.29,1,0.031,40,123,0.98958,3.12,0.4,12.1,7,White
8.5,0.24,0.39,10.4,0.044,20,142,0.9974,3.2,0.53,10,6,White
8.2,0.73,0.21,1.7,0.074,5,13,0.9968,3.2,0.52,9.5,5,Red
6.5,0.22,0.31,3.9,0.046,17,106,0.99098,3.15,0.31,11.5,5,White
7.9,0.345,0.51,15.3,0.047,54,171,0.9987,3.09,0.51,9.1,5,White
6.1,0.38,0.14,3.9,0.06,27,113,0.99344,3.07,0.34,9.2,4,White
6.7,0.61,0.21,1.65,0.117,40,240,0.9938,3.11,0.57,9.3,5,White
8.5,0.22,0.34,0.7,0.04,5,25,0.9918,3.04,0.37,10.5,4,White
7.3,0.33,0.47,2.1,0.077,5,11,0.9958,3.33,0.53,10.3,6,Red
6.6,0.22,0.3,14.7,0.045,50,136,0.99704,3.14,0.37,10.6,6,White
6.8,0.48,0.25,2,0.076,29,61,0.9953,3.34,0.6,10.4,5,Red
8,0.28,0.32,7.6,0.045,61,204,0.99543,3.1,0.55,10.1,6,White
9.9,0.35,0.41,2.3,0.083,11,61,0.9982,3.21,0.5,9.5,5,Red
7.7,0.28,0.63,11.1,0.039,58,179,0.9979,3.08,0.44,8.8,4,White
7.5,0.27,0.34,2.3,0.05,4,8,0.9951,3.4,0.64,11,7,Red
6,0.11,0.47,10.6,0.052,69,148,0.9958,2.91,0.34,9.3,4,White
6.8,0.38,0.29,9.9,0.037,40,146,0.99326,3.11,0.37,11.5,6,White
8.8,0.2,0.28,1.1,0.018,18,72,0.9926,2.97,0.35,10.4,5,White
6.6,0.23,0.3,4.6,0.06,29,154,0.99142,3.23,0.49,12.2,8,White
7.3,0.34,0.33,2.5,0.064,21,37,0.9952,3.35,0.77,12.1,7,Red
6.8,0.37,0.47,11.2,0.071,44,136,0.9968,2.98,0.88,9.2,5,White
6.3,0.23,0.21,5.1,0.035,29,142,0.9942,3.36,0.33,10.1,7,White
7.6,0.41,0.14,3,0.087,21,43,0.9964,3.32,0.57,10.5,6,Red
7.1,0.28,0.35,3.5,0.028,35,91,0.99022,2.96,0.33,12.1,5,White
7.2,1,0,3,0.102,7,16,0.99586,3.43,0.46,10,5,Red
10.3,0.25,0.48,2.2,0.042,28,164,0.998,3.19,0.59,9.7,5,White
8,0.14,0.49,1.5,0.035,42,120,0.9928,3.26,0.4,10.6,7,White
6.2,0.24,0.22,7.9,0.053,45,149,0.99545,3.23,0.52,9.3,5,White
9.1,0.6,0,1.9,0.058,5,10,0.9977,3.18,0.63,10.4,6,Red
6.5,0.29,0.31,1.7,0.035,24,79,0.99053,3.27,0.69,11.4,7,White
7.2,0.23,0.39,14.2,0.058,49,192,0.9979,2.98,0.48,9,7,White
7.2,0.2,0.3,2,0.039,43,188,0.9911,3.3,0.41,12,6,White
7,0.24,0.24,1.8,0.047,29,91,0.99251,3.3,0.43,9.9,6,White
8.6,0.42,0.39,1.8,0.068,6,12,0.99516,3.35,0.69,11.7,8,Red
6,0.21,0.29,13.1,0.042,28,125,0.99936,3.39,0.45,8.6,5,White
6.8,0.3,0.29,6.2,0.025,29,95,0.99071,3.03,0.32,12.9,7,White
6.4,0.22,0.32,7.2,0.028,15,83,0.993,3.13,0.55,10.9,8,White
7.3,0.25,0.36,13.1,0.05,35,200,0.9986,3.04,0.46,8.9,7,White
6.9,0.44,0.42,8.5,0.048,10,147,0.9974,3.32,0.46,9.5,6,White
7.8,0.3,0.74,1.8,0.033,33,156,0.991,3.29,0.52,12.8,6,White
5.2,0.31,0.2,2.4,0.027,27,117,0.98886,3.56,0.45,13,7,White
6.6,0.3,0.45,8,0.038,54,200,0.9956,3.18,0.48,9.5,5,White
7.1,0.47,0.29,14.8,0.024,22,142,0.99518,3.12,0.48,12,8,White
6.7,0.24,0.29,6.8,0.038,54,127,0.9932,3.33,0.46,11.6,7,White
8.9,0.31,0.57,2,0.111,26,85,0.9971,3.26,0.53,9.7,5,Red
7.5,0.18,0.72,9.6,0.039,53,151,0.99802,3.03,0.46,8.9,5,White
7.4,0.31,0.28,1.6,0.05,33,137,0.9929,3.31,0.56,10.5,6,White
7.8,0.27,0.58,11.2,0.036,44,161,0.9977,3.06,0.41,8.9,6,White
6.9,0.4,0.3,10.6,0.033,24,87,0.99265,3.15,0.45,12.8,6,White
6.8,0.705,0.25,3.2,0.048,10,57,0.996,3.36,0.52,9.5,4,White
6.9,0.33,0.21,1,0.053,39,148,0.9927,3.12,0.45,9.4,6,White
5.7,0.25,0.26,12.5,0.049,52.5,120,0.99691,3.08,0.45,9.4,6,White
6.6,0.815,0.02,2.7,0.072,17,34,0.9955,3.58,0.89,12.3,7,Red
5.2,0.285,0.29,5.15,0.035,64,138,0.9895,3.19,0.34,12.4,8,White
5,0.42,0.24,2,0.06,19,50,0.9917,3.72,0.74,14,8,Red
7.5,0.24,0.31,13.1,0.05,26,180,0.99884,3.05,0.53,9.1,6,White
5.9,0.37,0.1,1.6,0.057,39,128,0.9924,3.24,0.48,10.1,5,White
6.3,0.27,0.46,11.1,0.053,44,177,0.99691,3.18,0.67,9.4,5,White
6,0.25,0.28,7.7,0.053,37,132,0.99489,3.06,0.5,9.4,6,White
8.8,0.27,0.46,2.1,0.095,20,29,0.99488,3.26,0.56,11.3,6,Red
7.2,0.31,0.26,7.3,0.05,37,157,0.99625,3.09,0.43,9,5,White
5.2,0.48,0.04,1.6,0.054,19,106,0.9927,3.54,0.62,12.2,7,Red
7.5,0.27,0.31,17.7,0.051,33,173,0.999,3.09,0.64,10.2,5,White
6.8,0.28,0.36,8,0.045,28,123,0.9928,3.02,0.37,11.4,6,White
5.6,0.34,0.3,6.9,0.038,23,89,0.99266,3.25,0.49,11.1,6,White
6.2,0.46,0.29,2.1,0.074,32,98,0.99578,3.33,0.62,9.8,5,Red
8,0.59,0.16,1.8,0.065,3,16,0.9962,3.42,0.92,10.5,7,Red
8.4,0.18,0.42,5.1,0.036,7,77,0.9939,3.16,0.52,11.7,5,White
7.9,0.12,0.49,5.2,0.049,33,152,0.9952,3.18,0.47,10.6,6,White
7,0.23,0.26,7.2,0.041,21,90,0.99509,3.22,0.55,9.5,6,White
7.1,0.26,0.32,14.45,0.074,29,107,0.998,2.96,0.42,9.2,6,White
8.6,0.47,0.3,3,0.076,30,135,0.9976,3.3,0.53,9.4,5,Red
7.5,0.18,0.31,6.5,0.029,53,160,0.99276,3.03,0.38,10.9,6,White
7.7,0.66,0.04,1.6,0.039,4,9,0.9962,3.4,0.47,9.4,5,Red
6.7,0.54,0.13,2,0.076,15,36,0.9973,3.61,0.64,9.8,5,Red
6.9,0.32,0.26,8.3,0.053,32,180,0.9965,3.25,0.51,9.2,6,White
7.5,0.24,0.29,1.1,0.046,34,84,0.9902,3.04,0.39,11.45,6,White
7.6,0.32,0.58,16.75,0.05,43,163,0.9999,3.15,0.54,9.2,5,White
9.8,0.44,0.47,2.5,0.063,9,28,0.9981,3.24,0.65,10.8,6,Red
7.9,0.28,0.41,2,0.044,50,152,0.9934,3.45,0.49,10.7,8,White
6.4,0.32,0.27,4.9,0.034,18,122,0.9916,3.36,0.71,12.5,6,White
8.9,0.4,0.32,5.6,0.087,10,47,0.9991,3.38,0.77,10.5,7,Red
7.5,0.38,0.5,12.8,0.042,57,184,0.9984,3.09,0.46,9,6,White
6.2,0.39,0.43,2,0.071,14,24,0.99428,3.45,0.87,11.2,7,Red
12.5,0.6,0.49,4.3,0.1,5,14,1.001,3.25,0.74,11.9,6,Red
6.8,0.19,0.23,5.1,0.034,71,204,0.9942,3.23,0.69,10.1,5,White
7.1,0.18,0.32,12.2,0.048,36,125,0.9967,2.92,0.54,9.4,6,White
6.4,0.43,0.27,1.1,0.054,5,110,0.9939,3.24,0.52,9.1,4,White
10,0.73,0.43,2.3,0.059,15,31,0.9966,3.15,0.57,11,5,Red
9.3,0.43,0.44,1.9,0.085,9,22,0.99708,3.28,0.55,9.5,5,Red
5.7,0.45,0.42,1.1,0.051,61,197,0.9932,3.02,0.4,9,5,White
7.4,0.35,0.31,17.95,0.062,42,187,1.0002,3.27,0.64,9.1,5,White
5.6,0.205,0.16,12.55,0.051,31,115,0.99564,3.4,0.38,10.8,6,White
7.6,0.36,0.44,8.3,0.255,28,142,0.9958,3.12,0.43,10.2,6,White
8.1,0.26,0.33,11.1,0.052,52.5,158,0.9976,3.03,0.49,10.2,7,White
7.6,0.26,0.32,1.3,0.048,23,76,0.9903,2.96,0.46,12,6,White
7.1,0.61,0.02,2.5,0.081,17,87,0.99745,3.48,0.6,9.7,6,Red
7,0.64,0.02,2.1,0.067,9,23,0.997,3.47,0.67,9.4,6,Red
10.3,0.59,0.42,2.8,0.09,35,73,0.999,3.28,0.7,9.5,6,Red
8.8,0.34,0.33,9.7,0.036,46,172,0.9966,3.08,0.4,10.2,5,White
8.2,1,0.09,2.3,0.065,7,37,0.99685,3.32,0.55,9,6,Red
5.5,0.14,0.27,4.6,0.029,22,104,0.9949,3.34,0.44,9,5,White
5.6,0.31,0.78,13.9,0.074,23,92,0.99677,3.39,0.48,10.5,6,Red
9.4,0.16,0.3,1.4,0.042,26,176,0.9954,3.15,0.46,9.1,5,White
7.3,0.51,0.26,3.3,0.09,7,135,0.9944,3.01,0.52,8.8,5,White
9.9,0.35,0.41,2.3,0.083,11,61,0.9982,3.21,0.5,9.5,5,Red
6.3,0.55,0.15,1.8,0.077,26,35,0.99314,3.32,0.82,11.6,6,Red
8.7,0.78,0.51,1.7,0.415,12,66,0.99623,3,1.17,9.2,5,Red
5.9,0.14,0.2,1.6,0.04,26,114,0.99105,3.25,0.45,11.4,6,White
6.6,0.29,0.44,9,0.053,62,178,0.99685,3.02,0.45,8.9,5,White
6.3,0.32,0.17,17.75,0.06,51,190,0.99916,3.13,0.48,8.8,6,White
7.1,0.84,0.02,4.4,0.096,5,13,0.997,3.41,0.57,11,4,Red
5.6,0.32,0.33,7.4,0.037,25,95,0.99268,3.25,0.49,11.1,6,White
7.3,0.91,0.1,1.8,0.074,20,56,0.99672,3.35,0.56,9.2,5,Red
6.2,0.21,0.28,5.7,0.028,45,121,0.99168,3.21,1.08,12.15,7,White
6.6,0.33,0.32,15.6,0.054,62,227,0.99734,3.25,0.56,10.4,5,White
6.1,0.16,0.29,6,0.03,29,144,0.99474,3.68,0.46,10.7,6,White
7,0.735,0.05,2,0.081,13,54,0.9966,3.39,0.57,9.8,5,Red
6.9,0.16,0.35,1.3,0.043,21,182,0.9927,3.25,0.62,10.8,6,White
6.7,0.36,0.26,7.9,0.034,39,123,0.99119,2.99,0.3,12.2,7,White
6.4,0.18,0.48,4,0.186,64,150,0.9945,3.06,0.4,9.3,5,White
8.4,0.62,0.12,1.8,0.072,38,46,0.99504,3.38,0.89,11.8,6,Red
6.4,0.29,0.21,9.65,0.041,36,119,0.99334,2.99,0.34,10.9333333333333,6,White
6.8,0.69,0,5.6,0.124,21,58,0.9997,3.46,0.72,10.2,5,Red
6.4,0.33,0.3,7.2,0.041,42,168,0.99331,3.22,0.49,11.1,6,White
10.3,0.53,0.48,2.5,0.063,6,25,0.9998,3.12,0.59,9.3,6,Red
6.1,0.22,0.38,2.8,0.144,12,65,0.9908,2.95,0.64,11.4,6,White
8,0.34,0.25,6.4,0.035,38,103,0.99148,2.91,0.23,12.2,6,White
7.2,0.2,0.22,1.6,0.044,17,101,0.99471,3.37,0.53,10,5,White
6.8,0.15,0.33,4.7,0.059,31,118,0.9956,3.43,0.39,9,7,White
6.4,0.25,0.37,4.5,0.039,41,147,0.9921,3.18,0.4,11.1,7,White
8.3,0.27,0.45,1.3,0.048,8,72,0.9944,3.08,0.61,10.3,4,White
14,0.41,0.63,3.8,0.089,6,47,1.0014,3.01,0.81,10.8,6,Red
8.9,0.4,0.32,5.6,0.087,10,47,0.9991,3.38,0.77,10.5,7,Red
7.2,0.29,0.4,13.6,0.045,66,231,0.9977,3.08,0.59,9.6,6,White
7.7,0.2,0.44,13.9,0.05,44,130,0.99855,3.11,0.48,10,6,White
6.3,0.12,0.36,2.1,0.044,47,146,0.9914,3.27,0.74,11.4,7,White
8.1,0.12,0.49,1.2,0.042,43,160,0.9934,3.13,0.48,9.7,6,White
8.6,0.725,0.24,6.6,0.117,31,134,1.0014,3.32,1.07,9.3,5,Red
6.1,0.32,0.33,10.7,0.036,27,98,0.99521,3.34,0.52,10.2,6,White
6.6,0.18,0.28,3.3,0.044,18,91,0.993,3.42,0.64,10.8,6,White
6.9,0.19,0.32,7.9,0.042,30,130,0.99456,3.4,0.39,10.5,6,White
8,1.18,0.21,1.9,0.083,14,41,0.99532,3.34,0.47,10.5,5,Red
6.9,0.28,0.24,2.1,0.034,49,121,0.98882,2.98,0.43,13.2,7,White
7.9,0.28,0.49,7.7,0.045,48,195,0.9954,3.04,0.55,11,6,White
7.2,0.58,0.03,2.3,0.077,7,28,0.99568,3.35,0.52,10,5,Red
9.1,0.3,0.41,2,0.068,10,24,0.99523,3.27,0.85,11.7,7,Red
7.2,0.24,0.29,3,0.036,17,117,0.99411,3.36,0.68,10.1,6,White
5.9,0.44,0.36,2.5,0.03,12,73,0.99201,3.22,0.48,10.8,6,White
7.2,0.24,0.34,1.1,0.045,3,64,0.9913,3.23,0.51,11.4,5,White
7.4,0.28,0.49,1.5,0.034,20,126,0.9918,2.98,0.39,10.6,6,White
7.8,0.34,0.35,1.8,0.042,8,167,0.9908,3.11,0.41,12.1,6,White
6.2,0.26,0.2,8,0.047,35,111,0.99445,3.11,0.42,10.4,6,White
7.2,0.2,0.36,2.5,0.028,22,157,0.9938,3.48,0.49,10.6,6,White
6.8,0.28,0.39,1.4,0.036,15,115,0.9918,3.27,0.72,11.7,5,White
7.7,0.57,0.21,1.5,0.069,4,9,0.99458,3.16,0.54,9.8,6,Red
6.6,0.25,0.51,8,0.047,61,189,0.99604,3.22,0.49,9.2,5,White
8.3,0.26,0.42,2,0.08,11,27,0.9974,3.21,0.8,9.4,6,Red
6.2,0.22,0.2,20.8,0.035,58,184,1.00022,3.11,0.53,9,6,White
5.9,0.2,0.28,1,0.043,45,100,0.99033,3.4,0.41,11.4,6,White
5.9,0.34,0.31,2,0.03,38,142,0.98892,3.4,0.41,12.9,7,White
6.7,0.35,0.32,9,0.032,29,113,0.99188,3.13,0.65,12.9,7,White
6.5,0.33,0.3,3.8,0.036,34,88,0.99028,3.25,0.63,12.5,7,White
8.4,0.37,0.53,1.8,0.413,9,26,0.9979,3.06,1.06,9.1,6,Red
6.7,0.21,0.34,1.5,0.035,45,123,0.98949,3.24,0.36,12.6,7,White
5.3,0.31,0.38,10.5,0.031,53,140,0.99321,3.34,0.46,11.7,6,White
8,0.25,0.27,9.7,0.036,15,85,0.99406,2.99,0.36,11.2,6,White
7.5,0.6,0.03,1.8,0.095,25,99,0.995,3.35,0.54,10.1,5,Red
6.1,0.34,0.46,4.7,0.029,21,94,0.991,3.29,0.62,12.3,6,White
7.1,0.23,0.23,3.5,0.038,23,112,0.99157,3.05,0.37,11.3666666666667,6,White
7.4,0.29,0.25,3.8,0.044,30,114,0.992,3.11,0.4,11,6,White
9.6,0.68,0.24,2.2,0.087,5,28,0.9988,3.14,0.6,10.2,5,Red
6.7,0.21,0.36,8.55,0.02,20,86,0.99146,3.19,0.22,13.4,7,White
6.8,0.25,0.34,4.7,0.031,34,134,0.9927,3.21,0.38,10.6,6,White
9.1,0.795,0,2.6,0.096,11,26,0.9994,3.35,0.83,9.4,6,Red
5.6,0.54,0.04,1.7,0.049,5,13,0.9942,3.72,0.58,11.4,5,Red
7.3,0.58,0.3,2.4,0.074,15,55,0.9968,3.46,0.59,10.2,5,Red
6.3,0.27,0.37,7.9,0.047,58,215,0.99542,3.19,0.48,9.5,6,White
7.6,0.28,0.17,1.6,0.046,28,117,0.99288,3.08,0.43,10,5,White
5.8,0.27,0.4,1.2,0.076,47,130,0.99185,3.13,0.45,10.3,6,White
7.6,0.3,0.27,10.6,0.039,31,119,0.99815,3.27,0.3,9.3,6,White
6.7,0.2,0.41,9.1,0.044,50,166,0.9954,3.14,0.58,9.8,6,White
6.8,0.18,0.3,12.8,0.062,19,171,0.99808,3,0.52,9,7,White
6,0.26,0.15,1.2,0.053,35,124,0.99347,3.08,0.46,8.8,5,White
8.1,0.26,0.37,1.9,0.072,48,159,0.9949,3.37,0.7,10.9,6,White
7.2,0.23,0.82,1.3,0.149,70,109,0.99304,2.93,0.42,9.2,6,White
8.3,0.43,0.3,3.4,0.079,7,34,0.99788,3.36,0.61,10.5,5,Red
7.9,0.35,0.21,1.9,0.073,46,102,0.9964,3.27,0.58,9.5,5,Red
6.4,0.27,0.29,10.8,0.028,17,118,0.99356,3.18,0.37,11.2,6,White
6.8,0.34,0.44,6.6,0.052,28,156,0.9955,3.14,0.41,9.6,5,White
7,0.16,0.32,8.3,0.045,38,126,0.9958,3.21,0.34,9.2,5,White
7.7,0.53,0.06,1.7,0.074,9,39,0.99615,3.35,0.48,9.8,6,Red
7.4,0.155,0.34,2.3,0.045,73.5,214,0.9934,3.18,0.61,9.9,7,White
5.6,0.18,0.3,10.2,0.028,28,131,0.9954,3.49,0.42,10.8,7,White
8.3,0.61,0.3,2.1,0.084,11,50,0.9972,3.4,0.61,10.2,6,Red
7.8,0.27,0.28,1.8,0.05,21,127,0.9934,3.15,0.44,9.9,5,White
7.3,0.365,0.49,2.5,0.088,39,106,0.9966,3.36,0.78,11,5,Red
7.3,0.28,0.54,12.9,0.049,62,162.5,0.9984,3.06,0.45,9.1,6,White
6.3,0.24,0.29,1.6,0.052,48,185,0.9934,3.21,0.5,9.4,5,White
7.2,0.37,0.4,11.6,0.032,34,214,0.9963,3.1,0.51,9.8,6,White
7.2,0.21,0.36,15.7,0.045,68,183,0.99922,3.25,0.76,9.4,5,White
6,0.27,0.26,1.3,0.038,32,138,0.99125,3.46,0.43,11.1,6,White
6.7,0.42,0.27,8.6,0.068,24,148,0.9948,3.16,0.57,11.3,6,Red
6.2,0.28,0.45,7.5,0.045,46,203,0.99573,3.26,0.46,9.2,6,White
8.5,0.2,0.4,1.1,0.046,31,106,0.99194,3,0.35,10.5,4,White
6.2,0.38,0.18,7.4,0.095,28,195,0.99773,3.53,0.71,9.2,4,White
9.6,0.6,0.5,2.3,0.079,28,71,0.9997,3.5,0.57,9.7,5,Red
6.3,0.28,0.3,3.1,0.039,24,115,0.9942,3.05,0.43,8.6,5,White
7.6,0.21,0.6,2.1,0.046,47,165,0.9936,3.05,0.54,10.1,7,White
6.8,0.21,0.27,2.1,0.03,26,139,0.99,3.16,0.61,12.6,7,White
6.5,0.18,0.41,14.2,0.039,47,129,0.99678,3.28,0.72,10.3,7,White
7.6,0.445,0.44,14.5,0.045,68,212,0.9986,3.48,0.36,10,6,White
6.8,0.36,0.32,1.6,0.039,10,124,0.9948,3.3,0.67,9.6,5,White
6.4,0.24,0.26,8.2,0.054,47,182,0.99538,3.12,0.5,9.5,5,White
7.6,0.41,0.33,2.5,0.078,6,23,0.9957,3.3,0.58,11.2,5,Red
7.4,0.4,0.41,14.1,0.053,37,194,0.99886,3.2,0.63,9.4,6,White
6.4,0.15,0.25,7.8,0.05,13,68,0.99394,3.16,0.4,9.9,6,White
6.9,0.38,0.29,13.65,0.048,52,189,0.99784,3,0.6,9.5,6,White
6.1,0.17,0.28,2.5,0.028,22,98,0.99072,3.16,0.37,11.1,7,White
7.4,0.74,0.07,1.7,0.086,15,48,0.99502,3.12,0.48,10,5,Red
7.5,0.15,0.38,1.8,0.054,19,101,0.9946,3.24,0.44,10,5,White
6.1,0.27,0.33,2.2,0.021,26,117,0.9886,3.12,0.3,12.5,6,White
6.5,0.14,0.33,7.6,0.05,53,189,0.9966,3.25,0.49,8.6,5,White
7.4,0.52,0.13,2.4,0.078,34,61,0.99528,3.43,0.59,10.8,6,Red
6,0.21,0.3,8.7,0.036,47,127,0.99368,3.18,0.39,10.6,5,White
7.1,0.21,0.72,1.6,0.167,65,120,0.99324,2.97,0.51,9.2,5,White
7.2,0.4,0.38,2.2,0.03,40,109,0.99075,3.27,0.46,12.6,6,White
7,0.27,0.36,20.7,0.045,45,170,1.001,3,0.45,8.8,6,White
7.1,0.29,0.49,1.2,0.031,32,99,0.9893,3.07,0.33,12.2,6,White
6.7,0.18,0.28,10.2,0.039,29,115,0.99469,3.11,0.45,10.9,7,White
7.6,0.51,0.24,2.4,0.091,8,38,0.998,3.47,0.66,9.6,6,Red
6.8,0.19,0.32,7.05,0.019,54,188,0.9935,3.25,0.37,11.1,8,White
6.4,0.28,0.27,11,0.042,45,148,0.99786,3.14,0.46,8.7,5,White
12.9,0.5,0.55,2.8,0.072,7,24,1.00012,3.09,0.68,10.9,6,Red
7.1,0.21,0.32,2.2,0.037,28,141,0.993,3.2,0.57,10,7,White
7.8,0.6,0.26,2,0.08,31,131,0.99622,3.21,0.52,9.9,5,Red
6.4,0.18,0.35,1,0.045,39,108,0.9911,3.31,0.35,10.9,6,White
7,0.2,0.31,8,0.05,29,213,0.99596,3.28,0.57,10.4,6,White
7.8,0.43,0.32,2.8,0.08,29,58,0.9974,3.31,0.64,10.3,5,Red
6.1,0.31,0.37,8.4,0.031,70,170,0.9934,3.42,0.4,11.7,8,White
6,0.2,0.26,14.7,0.045,53,125,0.998365,2.99,0.69,9.4,6,White
12.8,0.3,0.74,2.6,0.095,9,28,0.9994,3.2,0.77,10.8,7,Red
8.1,0.28,0.49,1,0.04,32,148,0.9936,3.13,0.41,10,6,White
11.9,0.4,0.65,2.15,0.068,7,27,0.9988,3.06,0.68,11.3,6,Red
5.6,0.41,0.22,7.1,0.05,44,154,0.9931,3.3,0.4,10.5,5,White
7,0.29,0.35,1.4,0.036,42,109,0.99119,3.31,0.62,11.6,6,White
7.1,0.17,0.38,7.4,0.052,49,182,0.9958,3.35,0.52,9.6,6,White
10.2,0.29,0.49,2.6,0.059,5,13,0.9976,3.05,0.74,10.5,7,Red
6.3,0.2,0.37,11.8,0.045,58,130,0.99519,3.2,0.35,10.8,5,White
7.5,0.58,0.56,3.1,0.153,5,14,0.99476,3.21,1.03,11.6,6,Red
7.1,0.44,0.27,8.4,0.057,60,160,0.99257,3.16,0.36,11.8,6,White
9.8,0.51,0.19,3.2,0.081,8,30,0.9984,3.23,0.58,10.5,6,Red
8,0.28,0.42,7.1,0.045,41,169,0.9959,3.17,0.43,10.6,5,White
7.1,0.32,0.32,11,0.038,16,66,0.9937,3.24,0.4,11.5,3,White
7.8,0.53,0.33,2.4,0.08,24,144,0.99655,3.3,0.6,9.5,5,Red
6.8,0.63,0.04,1.3,0.058,25,133,0.99271,3.17,0.39,10.2,4,White
6.7,0.36,0.28,8.3,0.034,29,81,0.99151,2.96,0.39,12.5,6,White
5.3,0.43,0.11,1.1,0.029,6,51,0.99076,3.51,0.48,11.2,4,White
6.4,0.37,0.2,5.6,0.117,61,183,0.99459,3.24,0.43,9.5,5,White
7.5,0.21,0.68,10.9,0.045,38,133,0.9978,3,0.36,8.7,5,White
6.3,0.33,0.42,17.2,0.037,57,170,0.99884,3.26,0.57,9.4,6,White
6.2,0.46,0.25,4.4,0.066,62,207,0.9939,3.25,0.52,9.8,5,White
9.4,0.43,0.24,2.8,0.092,14,45,0.998,3.19,0.73,10,6,Red
7.6,0.18,0.36,2.4,0.049,38,123,0.996,3.6,0.46,10.3,5,White
7.6,0.41,0.49,2,0.088,16,43,0.998,3.48,0.64,9.1,5,Red
8.8,0.24,0.54,2.5,0.083,25,57,0.9983,3.39,0.54,9.2,5,Red
8.7,0.625,0.16,2,0.101,13,49,0.9962,3.14,0.57,11,5,Red
6.5,0.29,0.52,7.9,0.049,35,192,0.99551,3.16,0.51,9.5,6,White
6.5,0.16,0.33,1,0.027,23,75,0.9908,3.3,0.39,11.4,7,White
6.2,0.35,0.31,2.6,0.036,37,92,0.98938,3.27,0.53,12.8,7,White
7,0.31,0.29,1.4,0.037,33,128,0.9896,3.12,0.36,12.2,7,White
8.3,0.19,0.49,1.2,0.051,11,137,0.9918,3.06,0.46,11,6,White
6,0.23,0.34,1.3,0.025,23,111,0.98961,3.36,0.37,12.7,6,White
6.3,0.34,0.19,5.8,0.041,22,145,0.9943,3.15,0.63,9.9,5,White
7.6,0.29,0.26,6.5,0.042,32,160,0.9944,3.14,0.47,10.7,5,White
7.9,0.545,0.06,4,0.087,27,61,0.9965,3.36,0.67,10.7,6,Red
5.7,0.6,0,1.4,0.063,11,18,0.99191,3.45,0.56,12.2,6,Red
8.1,0.5,0.47,1.1,0.037,23,126,0.9938,3.21,0.42,10.9,5,White
7.8,0.25,0.37,1,0.043,10,80,0.99128,3.08,0.38,11.4,5,White
6.8,0.16,0.36,1.3,0.034,32,98,0.99058,3.02,0.58,11.3,6,White
7,0.16,0.32,1.1,0.032,29,80,0.98972,3.23,0.36,12.1,6,White
6.8,0.17,0.35,1.8,0.04,29,84,0.98961,2.91,0.57,12,7,White
5.7,0.22,0.33,1.9,0.036,37,110,0.98945,3.26,0.58,12.4,6,White
6.6,0.25,0.35,2.9,0.034,38,121,0.99008,3.19,0.4,12.8,6,White
7,0.22,0.26,9.2,0.027,37,122,0.99228,3.06,0.34,12.5,8,White
7.6,0.41,0.24,1.8,0.08,4,11,0.9962,3.28,0.59,9.5,5,Red
12.7,0.6,0.49,2.8,0.075,5,19,0.9994,3.14,0.57,11.4,5,Red
8.2,0.29,0.33,9.1,0.036,28,118,0.9953,2.96,0.4,10.9,7,White
9.6,0.23,0.4,1.5,0.044,19,135,0.9937,2.96,0.49,10.9,5,White
6.6,0.23,0.2,11.4,0.044,45,131,0.99604,2.96,0.51,9.7,6,White
6.4,0.24,0.25,20.2,0.083,35,157,0.99976,3.17,0.5,9.1,5,White
6.7,0.18,0.3,6.4,0.048,40,251,0.9956,3.29,0.52,10,5,White
7.4,0.2,0.37,1.2,0.028,28,89,0.99132,3.14,0.61,11.8,6,White
4.8,0.33,0,6.5,0.028,34,163,0.9937,3.35,0.61,9.9,5,White
6.9,0.31,0.32,1.2,0.024,20,166,0.99208,3.05,0.54,9.8,6,White
6.4,0.595,0.14,5.2,0.058,15,97,0.9951,3.38,0.36,9,4,White
7,0.35,0.31,1.8,0.069,15,162,0.9944,3.18,0.47,9.4,5,White
6,0.21,0.38,0.8,0.02,22,98,0.98941,3.26,0.32,11.8,6,White
6.7,0.16,0.32,12.5,0.035,18,156,0.99666,2.88,0.36,9,6,White
10.8,0.32,0.44,1.6,0.063,16,37,0.9985,3.22,0.78,10,6,Red
6.7,0.24,0.3,3.85,0.042,105,179,0.99189,3.04,0.59,11.3,8,White
10.7,0.52,0.38,2.6,0.066,29,56,0.99577,3.15,0.79,12.1,7,Red
7.3,0.155,0.49,1.3,0.039,34,136,0.9926,3.14,0.77,10.5,6,White
7,0.34,0.1,3.5,0.044,17,63,0.9937,3.01,0.39,9.2,5,White
8.4,0.17,0.31,6.7,0.038,29,132,0.9945,3.1,0.32,10.6,7,White
7.1,0.49,0.22,2,0.047,146.5,307.5,0.9924,3.24,0.37,11,3,White
7.5,0.21,0.29,1.5,0.046,35,107,0.99123000000000006,3.15,0.45,11.3,6,White
5.9,0.645,0.12,2,0.075,32,44,0.99547,3.57,0.71,10.2,5,Red
11.6,0.44,0.64,2.1,0.059,5,15,0.998,3.21,0.67,10.2,6,Red
6.8,0.31,0.42,6.9,0.046,50,173,0.9958,3.19,0.46,9,5,White
5.7,0.41,0.21,1.9,0.048,30,112,0.99138,3.29,0.55,11.2,6,White
6.3,0.19,0.29,5.5,0.042,44,189,0.99304,3.19,0.47,10.3,6,White
6,0.32,0.3,7.3,0.174,46,159,0.99519,3.18,0.49,9.4,5,White
7.9,0.19,0.42,1.6,0.057,18,30,0.994,3.29,0.69,11.2,6,Red
7.6,0.23,0.34,1.6,0.043,24,129,0.99305,3.12,0.7,10.4,5,White
7.8,0.3,0.29,16.85,0.054,23,135,0.9998,3.16,0.38,9,6,White
10.6,0.36,0.57,2.3,0.087,6,20,0.99676,3.14,0.72,11.1,7,Red
11.7,0.28,0.47,1.7,0.054,17,32,0.99686,3.15,0.67,10.6,7,Red
7.6,0.2,0.26,4.5,0.086,37,133,0.9963,3.15,0.42,9.2,5,White
9.3,0.33,0.45,1.5,0.057,19,37,0.99498,3.18,0.89,11.1,7,Red
6,0.17,0.33,6,0.036,30,111,0.99362,3.32,0.58,10.133333333333301,7,White
10.4,0.44,0.73,6.55,0.074,38,76,0.999,3.17,0.85,12,7,Red
7,0.35,0.17,1.1,0.049,7,119,0.99297,3.13,0.36,9.7,6,White
5.7,0.44,0.13,7,0.025,28,173,0.9913,3.33,0.48,12.5,6,White
6.3,0.27,0.46,11.75,0.037,61,212,0.9971,3.25,0.53,9.5,6,White
7.5,0.34,0.35,6,0.034,12,126,0.9924,3.16,0.39,12,7,White
7.2,0.14,0.35,1.2,0.036,15,73,0.9938,3.46,0.39,9.9,5,White
7,0.4,0.32,3.6,0.061,9,29,0.99416,3.28,0.49,11.3,7,Red
7.3,0.21,0.49,1.8,0.038,44,152,0.9912,3.32,0.44,12.6,7,White
6.3,0.26,0.42,7.1,0.045,62,209,0.99544,3.2,0.53,9.5,6,White
8.1,0.46,0.31,1.7,0.052,50,183,0.9923,3.03,0.42,11.2,5,White
6.3,0.36,0.28,2.5,0.035,18,73,0.98868,3.1,0.47,12.8,7,White
5.8,0.29,0.38,10.7,0.038,49,136,0.99366,3.11,0.59,11.2,6,White
9.3,0.39,0.4,2.6,0.073,10,26,0.9984,3.34,0.75,10.2,6,Red
6.8,0.18,0.37,1.6,0.055,47,154,0.9934,3.08,0.45,9.1,5,White
9.7,0.55,0.17,2.9,0.087,20,53,1.0004,3.14,0.61,9.4,5,Red
5.5,0.29,0.3,1.1,0.022,20,110,0.98869,3.34,0.38,12.8,7,White
7,0.21,0.28,8.6,0.045,37,221,0.9954,3.25,0.54,10.4,6,White
6.5,0.17,0.31,1.5,0.041,34,121,0.99092,3.06,0.46,10.5,6,White
5.8,0.36,0.5,1,0.127,63,178,0.99212,3.1,0.45,9.7,5,White
6.4,0.28,0.44,7.1,0.048,49,179,0.99528,3.15,0.48,9.2,5,White
7.4,0.28,0.36,14.6,0.048,35,161,0.9968,3.14,0.56,10.6,5,White
7.5,0.58,0.14,2.2,0.077,27,60,0.9963,3.28,0.59,9.8,5,Red
7.2,0.23,0.39,2.3,0.033,29,102,0.9908,3.26,0.54,12.3,7,White
7.3,0.3,0.74,13.5,0.039,46,165,0.9982,3.02,0.4,8.7,5,White
6.9,0.26,0.27,4.2,0.031,20,80,0.99089,3.12,0.39,11.5,6,White
5.9,0.24,0.3,2,0.033,28,92,0.99225,3.39,0.69,10.9,7,White
7.9,0.36,0.53,12.9,0.049,63,139,0.99792,2.94,0.45,9.1,5,White
7.1,0.735,0.16,1.9,0.1,15,77,0.9966,3.27,0.64,9.3,5,Red
6.8,0.5,0.11,1.5,0.075,16,49,0.99545,3.36,0.79,9.5,5,Red
6.5,0.27,0.19,6.6,0.045,98,175,0.99364,3.16,0.34,10.1,6,White
7,0.29,0.33,0.9,0.041,20,117,0.99048,3.21,0.5,11.4,5,White
6.5,0.63,0.33,1.8,0.059,16,28,0.99531,3.36,0.64,10.1,6,Red
7.6,0.31,0.34,2.5,0.082,26,35,0.99356,3.22,0.59,12.5,7,Red
7.3,0.24,0.29,1.2,0.037,37,97,0.9926,3.19,0.7,10.1,6,White
7.8,0.56,0.19,2.1,0.081,15,105,0.9962,3.33,0.54,9.5,5,Red
6.8,0.64,0,2.7,0.123,15,33,0.99538,3.44,0.63,11.3,6,Red
6.8,0.19,0.71,17.5,0.042,21,114,0.99784,2.85,0.5,9.5,6,White
10.2,0.54,0.37,15.4,0.214,55,95,1.00369,3.18,0.77,9,6,Red
8,0.27,0.33,1.2,0.05,41,103,0.99002,3,0.45,12.4,6,White
5.6,0.12,0.33,2.9,0.044,21,73,0.98896,3.17,0.32,12.9,8,White
8.6,0.34,0.36,1.4,0.045,11,119,0.99556,3.17,0.47,9.4,4,White
6,0.2,0.38,1.3,0.034,37,104,0.98865,3.11,0.52,12.7,6,White
6.6,0.28,0.41,7,0.046,59,194,0.99558,3.14,0.48,9.4,5,White
5.2,0.335,0.2,1.7,0.033,17,74,0.99002,3.34,0.48,12.3,6,White
6.8,0.2,0.59,0.9,0.147,38,132,0.993,3.05,0.38,9.1,6,White
6.4,0.67,0.08,2.1,0.045,19,48,0.9949,3.49,0.49,11.4,6,Red
7.5,0.42,0.32,2.7,0.067,7,25,0.99628,3.24,0.44,10.4,5,Red
5.4,0.24,0.18,2.3,0.05,22,145,0.99207,3.24,0.46,10.3,5,White
6.7,0.33,0.49,1.6,0.167,20,94,0.9914,3.11,0.5,11.4,6,White
7.3,0.32,0.35,1.4,0.05,8,163,0.99244,3.24,0.42,10.7,5,White
6,0.31,0.24,3.3,0.041,25,143,0.9914,3.31,0.44,11.3,6,White
6.9,0.24,0.4,15.4,0.052,81,198,0.9986,3.2,0.69,9.4,5,White
12.3,0.5,0.49,2.2,0.089,5,14,1.0002,3.19,0.44,9.6,5,Red
12.3,0.27,0.49,3.1,0.079,28,46,0.9993,3.2,0.8,10.2,6,Red
5.8,0.26,0.24,9.2,0.044,55,152,0.9961,3.31,0.38,9.4,5,White
7.4,0.19,0.49,9.3,0.03,26,132,0.994,2.99,0.32,11,7,White
7.5,0.34,0.24,3.85,0.031,5,34,0.99098,3.01,0.36,11.8,4,White
8.4,0.635,0.36,2,0.089,15,55,0.99745,3.31,0.57,10.4,4,Red
7.3,0.22,0.41,15.4,0.05,55,191,1,3.32,0.59,8.9,6,White
8.5,0.17,0.74,3.6,0.05,29,128,0.9928,3.28,0.4,12.4,6,White
6.7,0.62,0.21,1.9,0.079,8,62,0.997,3.52,0.58,9.3,6,Red
6.2,0.32,0.24,4.1,0.051,34,149,0.99306,3.36,0.52,11,5,White
6.2,0.35,0.29,3.9,0.041,22,79,0.99005,3.1,0.59,12.0666666666667,6,White
6.5,0.2,0.5,18.1,0.054,50,221,0.99941,2.94,0.64,8.8,6,White
6,0.31,0.38,4.8,0.04,41,101,0.98968,3.24,0.56,13.1,6,White
15,0.21,0.44,2.2,0.075,10,24,1.00005,3.07,0.84,9.2,7,Red
6.3,0.28,0.3,6.6,0.208,60,154,0.99478,3.1,0.4,9.4,6,White
7.4,0.45,0.32,7.1,0.044,17,117,0.9962,3.32,0.41,10.4,4,White
7.2,0.32,0.33,1.4,0.029,29,109,0.9902,3.15,0.51,12.8,7,White
6.1,0.23,0.45,10.6,0.094,49,169,0.99699,3.05,0.54,8.8,5,White
6.5,0.23,0.39,1.9,0.036,41,98,0.99,3.19,0.43,11.9,7,White
5.2,0.37,0.33,1.2,0.028,13,81,0.9902,3.37,0.38,11.7,6,White
11.9,0.39,0.69,2.8,0.095,17,35,0.9994,3.1,0.61,10.8,6,Red
12.1,0.4,0.52,2,0.092,15,54,1,3.03,0.66,10.2,5,Red
6.9,0.28,0.33,1.2,0.039,16,98,0.9904,3.07,0.39,11.7,6,White
6.2,0.27,0.43,7.8,0.056,48,244,0.9956,3.1,0.51,9,6,White
8.2,0.39,0.38,1.5,0.058,10,29,0.9962,3.26,0.74,9.8,5,Red
6.6,0.34,0.27,6.2,0.059,23,136,0.9957,3.3,0.49,10.1,6,White
11.6,0.41,0.54,1.5,0.095,22,41,0.99735,3.02,0.76,9.9,7,Red
6.9,0.41,0.33,2.2,0.081,22,36,0.9949,3.41,0.75,11.1,6,Red
6.5,0.22,0.25,17.1,0.05,44,138,1.0001,3.3,0.37,8.8,5,White
7.1,0.32,0.24,13.1,0.05,52,204,0.998,3.1,0.49,8.8,5,White
6.9,0.22,0.39,6,0.035,44,141,0.99123000000000006,3.11,0.33,12.5,6,White
6.4,0.23,0.37,7.9,0.05,60,150,0.99488,2.86,0.49,9.3,6,White
6.5,0.35,0.36,0.8,0.034,32,111,0.98942,3.11,0.5,12.1,8,White
6.6,0.21,0.31,11.4,0.039,46,165,0.99795,3.41,0.44,9.8,7,White
5.7,1.13,0.09,1.5,0.172,7,19,0.994,3.5,0.48,9.8,4,Red
6.5,0.39,0.35,1.6,0.049,10,164,0.99516,3.35,0.51,9.7,5,White
7.1,0.67,0,2.3,0.083,18,27,0.99768,3.44,0.54,9.4,5,Red
6.2,0.27,0.49,1.4,0.05,20,74,0.9931,3.32,0.44,9.8,6,White
8.4,0.56,0.04,2,0.082,10,22,0.9976,3.22,0.44,9.6,5,Red
6.2,0.21,0.24,1.2,0.051,31,95,0.99036,3.24,0.57,11.3,6,White
7.1,0.365,0.14,1.2,0.055,24,84,0.9941,3.15,0.43,8.9,5,White
7.6,0.43,0.31,2.1,0.069,13,74,0.9958,3.26,0.54,9.9,6,Red
6.9,0.37,0.23,9.5,0.057,54,166,0.99568,3.23,0.42,10,5,White
7.6,0.19,0.41,1.1,0.04,38,143,0.9907,2.92,0.42,11.4,5,White
6.3,0.3,0.29,2.1,0.048,33,142,0.98956,3.22,0.46,12.9,7,White
7.3,0.21,0.33,1,0.037,66,144,0.9923,3.11,0.52,10.2,6,White
6.6,0.28,0.42,8.2,0.044,60,196,0.99562,3.14,0.48,9.4,5,White
9.5,0.39,0.41,8.9,0.069,18,39,0.99859,3.29,0.81,10.9,7,Red
7.1,0.44,0.37,2.7,0.041,35,128,0.9896,3.07,0.43,13.5,7,White
11.6,0.53,0.66,3.65,0.121,6,14,0.9978,3.05,0.74,11.5,7,Red
7.3,0.27,0.37,9.7,0.042,36,130,0.9979,3.48,0.75,9.9,6,White
6.4,0.24,0.23,7.3,0.069,31,157,0.9962,3.25,0.53,9.1,5,White
7.5,0.61,0.26,1.9,0.073,24,88,0.99612,3.3,0.53,9.8,5,Red
7.3,0.19,0.27,13.9,0.057,45,155,0.99807,2.94,0.41,8.8,8,White
6.7,0.28,0.28,2.4,0.012,36,100,0.99064,3.26,0.39,11.7,7,Red
7.2,0.36,0.46,2.1,0.074,24,44,0.99534,3.4,0.85,11,7,Red
5.2,0.38,0.26,7.7,0.053,20,103,0.9925,3.27,0.45,12.2,6,White
6.5,0.33,0.3,3.8,0.036,34,88,0.99028,3.25,0.63,12.5,7,White
7.5,0.29,0.31,8.95,0.055,20,151,0.9968,3.08,0.54,9.3,5,White
6.9,0.43,0.28,9.4,0.056,29,183,0.99594,3.17,0.43,9.4,5,White
6.6,0.15,0.32,6,0.033,59,128,0.99192,3.19,0.71,12.1,8,White
6.7,0.19,0.34,1,0.022,22,94,0.9912,3.23,0.57,11.1,6,White
7.3,0.36,0.62,7.1,0.033,48,185,0.99472,3.14,0.62,10.6,6,White
6.9,0.21,0.33,1.8,0.034,48,136,0.9899,3.25,0.41,12.6,7,White
7,0.21,0.31,6,0.046,29,108,0.9939,3.26,0.5,10.8,6,White
6.9,0.4,0.56,11.2,0.043,40,142,0.9975,3.14,0.46,8.7,5,White
6.7,0.28,0.28,2.4,0.012,36,100,0.99064,3.26,0.39,11.7,7,Red
7.8,0.26,0.49,3.2,0.027,28,87,0.9919,3.03,0.32,11.3,7,White
6.5,0.5,0.22,4.1,0.036,35,131,0.9902,3.26,0.55,13,7,White
5.4,0.23,0.36,1.5,0.03,74,121,0.98976,3.24,0.99,12.1,7,White
7,0.25,0.45,2.3,0.045,40,118,0.99064,3.16,0.48,11.9,7,White
7.5,0.33,0.38,8.7,0.126,49,199,0.99711,2.98,0.57,9.4,5,White
