variety,conc,trt,Sample,Acid_insoluble_lignin,Acid_soluble_lignin,Total_lignin,Glucose,Xylose,Arabinose,concentration
M.giganteus,Control/untreated,Uniflow,1,23.43760204,1.515130208,24.95273225,39.38275856,16.41306951,1.57817976,0
M.giganteus,Control/untreated,Uniflow,1,23.724804769863425,1.7027353721810716,26.065528682209802,39.50422862755069,16.691078551436018,1.9968514927472931,0
M.giganteus,Control/untreated,Uniflow,1,23.744470962348576,1.9307543381462704,25.1593008260789,41.11988391398366,16.21034336949667,0.8392672064473937,0
M.giganteus,Control/untreated,Uniflow,1,24.549460521857007,0.8756783765911186,25.700042740920587,38.544289213043314,15.329383713700356,1.6849003002367053,0
M.giganteus,Control/untreated,Uniflow,2,22.71910112,1.378118874,24.09722,47.60688749,19.86088818,2.172284644,0
M.giganteus,Control/untreated,Uniflow,1,23.50058504229845,2.1372447055700623,25.6591189278182,40.34335330978888,15.864756594661097,1.793228970843934,0
M.giganteus,Control/untreated,Uniflow,1,23.307228518865987,2.8407714571573557,26.077553340605103,39.97237536325591,16.476595711104842,1.9750995750932465,0
M.giganteus,Control/untreated,Uniflow,1,23.42142284396599,3.0005292479235672,25.860688809504435,39.52386414840142,16.363086282603295,2.374903144053752,0
M.giganteus,Control/untreated,Uniflow,3,23.84368994,1.343236346,25.18692629,46.55014268,19.50672646,2.167414051,0
M.giganteus,Control/untreated,Uniflow,1,23.30607487678934,1.9858042136511245,25.057164055059314,40.95461292746554,15.572530162771354,0.5117855126234405,0
M.giganteus,Control/untreated,Uniflow,1,24.83164029403232,1.5941500854876252,25.8017311764057,42.30277230380456,16.41225324688358,1.6785403851271439,0
M.giganteus,Control/untreated,Uniflow,1,24.79566955101444,1.800125871839306,24.24894513779264,41.3250750106313,16.80115655221607,1.9939466403652601,0
M.giganteus,58mg/l,Uniflow,1,12.2456455,4.196227393,16.44187289,46.60325659,15.18920955,2.025227941,58
M.giganteus,Control/untreated,Uniflow,1,24.22454178659828,1.276785171033735,26.573863882934695,37.625927356888475,14.000171859977964,1.7912654505362204,0
M.giganteus,Control/untreated,Uniflow,1,23.725780471702315,1.334884746293445,25.968576330026004,37.87086114715663,15.451059509196739,1.6889946524788002,0
M.giganteus,Control/untreated,Uniflow,1,24.047015061648953,0.28559852675985453,24.962250139847942,38.79189242950122,15.301133118227717,1.0976157128246642,0
M.giganteus,58mg/l,Uniflow,2,11.88090756,3.966128531,15.84703609,33.7986364,11.24298283,1.703482247,58
M.giganteus,Control/untreated,Uniflow,2,22.86438836591011,1.82149732647093,25.507459471502578,48.52087659633149,20.46464762346766,2.986556960958408,0
M.giganteus,Control/untreated,Uniflow,2,22.751199426611244,2.5675467250913178,25.024740459738133,47.21837097505192,19.88191557446873,2.5494040210093942,0
M.giganteus,Control/untreated,Uniflow,2,23.264720529477536,1.9991980997938046,24.1275071732741,48.4164119993278,20.151270266357,3.679859856552153,0
M.giganteus,58mg/l,Uniflow,3,13.23622944,4.174566053,17.41079549,32.30217614,11.08812287,1.344014894,58
M.giganteus,Control/untreated,Uniflow,1,22.877441718966427,1.486655420787379,25.647192517123212,39.70918658657889,16.020371817644754,0.08636153517636513,0
M.giganteus,Control/untreated,Uniflow,1,22.22295140370231,0.9054444498630216,26.369349375799715,40.95392419400281,15.81839767490763,2.121089582593834,0
M.giganteus,Control/untreated,Uniflow,1,25.237730539437585,3.2951125060115665,26.861445399170414,40.925231187269674,15.781180185735906,1.316171327711606,0
M.giganteus,50mg/l,Uniflow,1,14.41034975,2.836120713,17.24647046,31.46970075,11.859415,1.282098919,50
M.giganteus,Control/untreated,Uniflow,1,23.601139126553694,2.199317200266999,25.3802269802401,39.48730704202307,16.75242515967269,2.35790270231121,0
M.giganteus,Control/untreated,Uniflow,1,22.360517183184164,2.3899665649726862,26.263451541617915,40.03702277683117,15.835298096961454,1.8472279345682274,0
M.giganteus,Control/untreated,Uniflow,1,22.657603583305963,1.7499378076281162,26.19634127966174,40.94806964494257,15.772655467721654,2.3695489191733508,0
M.giganteus,50mg/l,Uniflow,2,10.85970392,3.04443086,13.90413478,20.81458686,7.549950504,0.984776153,50
M.giganteus,Control/untreated,Uniflow,1,22.64753342146867,3.668527802556943,25.51788511686858,40.187542201052096,16.40480102385663,2.9373588157746373,0
M.giganteus,Control/untreated,Uniflow,1,22.597317151475956,2.2008535603766184,26.116647962328805,39.28879770364819,16.54515543994009,2.3840724834296716,0
M.giganteus,Control/untreated,Uniflow,1,22.443041102703486,3.746096446582522,26.8000669690391,39.1467628556819,17.542090462879084,1.6019858035488248,0
M.giganteus,50mg/l,Uniflow,3,14.37004599,3.5344628830000002,17.90450887,22.03166195,7.898758802,0.718068982,50
M.giganteus,Control/untreated,Uniflow,3,23.859938920328126,2.549165399940202,25.30959208054243,47.1901177162412,19.746300049922457,2.3856490951169684,0
M.giganteus,Control/untreated,Uniflow,3,23.535699325407666,2.1557593841480123,25.274023477721236,45.98087117725207,19.123150371483568,3.1448148285839665,0
M.giganteus,Control/untreated,Uniflow,3,23.061345685655272,2.1502450583203534,24.284649285865115,47.13753702370139,19.31318632078778,1.0650416713078001,0
M.giganteus,40mg/l,Uniflow,1,13.96480798,2.953857212,16.9186652,40.10209665,14.86221073,1.581086248,40
M.giganteus,Control/untreated,Uniflow,1,23.19358262297991,1.825151460250454,24.312653180989145,40.46715951318313,15.630744466898646,-1.3472644654191182,0
M.giganteus,Control/untreated,Uniflow,1,22.92481305992245,2.3396185600079007,24.26133728522884,41.12480667949203,15.653969384583851,-0.28537326934599117,0
M.giganteus,Control/untreated,Uniflow,1,23.012807223132345,1.6507181904999533,26.531881719822916,41.73279630965945,15.429473298092086,0.7665675696236349,0
M.giganteus,40mg/l,Uniflow,2,13.16805559,2.757246185,15.92530177,22.27412425,8.522273628,0.946919292,40
M.giganteus,Control/untreated,Uniflow,1,24.693419487765514,1.7424029822237137,25.352374323160493,41.93767054993947,16.795765984243317,1.2442194643204532,0
M.giganteus,Control/untreated,Uniflow,1,25.323298743448305,0.539713259154893,26.412750165756016,42.82821882518898,15.496791964962947,1.2942028150966056,0
M.giganteus,Control/untreated,Uniflow,1,25.74444296814565,1.6334708343912725,25.267744726584002,42.94795432629077,16.23891455451573,2.4498444502728796,0
M.giganteus,40mg/l,Uniflow,3,12.40855297,2.923623188,15.33217616,17.69521297,6.654610007,0.665461001,40
M.giganteus,Control/untreated,Uniflow,1,24.771880648489866,1.716092201156592,23.26960910470747,41.15258295811007,15.774908158606582,3.3195442101485115,0
M.giganteus,Control/untreated,Uniflow,1,24.77067784027391,1.3156965830017378,23.612708702900836,40.95732807681691,16.081740028814906,1.3927035409310053,0
M.giganteus,Control/untreated,Uniflow,1,25.28413392388536,0.6436974756782969,24.51330897618935,41.46157648804191,17.994148947915715,1.9842132572957947,0
M.gracillimu,Control/untreated,Uniflow,1,22.01505401,1.99251395,24.00756796,32.37892021,16.10740826,1.666283613,0
M.giganteus,58mg/l,Uniflow,1,12.362315450447127,4.535938695643354,16.92722265664883,46.87324182911207,15.925955622584071,2.06192267958547,58
M.giganteus,58mg/l,Uniflow,1,12.239958736900633,4.46969895581496,17.02497042244268,45.910686281975046,15.377866706973808,1.9979006538284887,58
M.giganteus,58mg/l,Uniflow,1,12.529206467833669,3.733510920499721,17.140800168252678,46.93474570288345,15.604833636619293,1.2016242994700903,58
M.gracillimu,Control/untreated,Uniflow,2,21.96162047,2.144225872,24.10584634,41.58961249,21.16828983,2.785301293,0
M.giganteus,Control/untreated,Uniflow,1,23.709637332372516,2.1487582327005827,26.190755965682317,37.916432935727066,14.272718538846593,1.9721037626193656,0
M.giganteus,Control/untreated,Uniflow,1,24.613748516234264,0.6350043699512136,26.353404968010175,37.02777545290112,13.364672772264598,2.002513965876074,0
M.giganteus,Control/untreated,Uniflow,1,24.341551067461896,0.8747907395624237,26.052940001496893,37.82673214220528,13.068703308428868,1.3848413834853346,0
M.gracillimu,Control/untreated,Uniflow,3,21.63678743,1.939371851,23.57615928,38.97533361,19.47186172,2.503525078,0
M.giganteus,Control/untreated,Uniflow,1,23.678673326694348,1.1396182986806933,25.21263068821074,37.3229569451773,14.366272576212692,1.4794419244714758,0
M.giganteus,Control/untreated,Uniflow,1,23.873531133502905,2.166613550170805,25.770219151671153,37.70654965239082,16.45304735939543,3.076598092913799,0
M.giganteus,Control/untreated,Uniflow,1,23.039584483075917,1.4037975214153213,24.27917977743643,38.16136176657951,14.592768212022062,2.747019269837029,0
M.gracillimu,58mg/l,Uniflow,1,15.69752271,3.314137952,19.01166066,28.53181755,11.65350185,1.765682098,58
M.giganteus,Control/untreated,Uniflow,1,24.15450465920717,-0.4288730410622208,24.746597024077687,39.29909154287669,15.424720620633007,0.7284435729615882,0
M.giganteus,Control/untreated,Uniflow,1,24.11073772892757,1.5475187686964342,25.482497288508796,38.23364633365715,15.960774474880203,0.7339192718322161,0
M.giganteus,Control/untreated,Uniflow,1,24.38229719035083,-0.5488418791975048,24.643026522123044,40.23674051613136,16.443329196520963,0.9959096444914253,0
M.gracillimu,58mg/l,Uniflow,2,12.76145449,3.990636751,16.75209124,30.9915357,13.38962473,1.761792727,58
M.giganteus,58mg/l,Uniflow,2,10.967201466957684,2.7701324406631986,16.502542824527662,33.65642790665898,10.038145096577958,2.6824253408623346,58
M.giganteus,58mg/l,Uniflow,2,11.912069833014954,4.006608731673301,16.535050203972833,32.98897117771834,11.203140745981958,1.9137270763696348,58
M.giganteus,58mg/l,Uniflow,2,11.253895766872033,3.6698581992349553,16.515178053533223,34.026138673900896,10.951017951736112,2.034883663311268,58
M.gracillimu,58mg/l,Uniflow,3,13.42504584,4.087754361,17.5128002,30.33267222,14.06882916,4.182624887,58
M.giganteus,Control/untreated,Uniflow,2,22.874013102863078,2.111044338913003,24.638217349812166,48.17173110315631,22.0634517701246,3.360520723979864,0
M.giganteus,Control/untreated,Uniflow,2,22.1668649157129,1.8296964778948877,24.97552550073183,48.96614229819279,21.673757573057745,2.095904787353774,0
M.giganteus,Control/untreated,Uniflow,2,21.97987578949007,0.0975206211685109,25.98347509890569,48.05765915132123,20.85546749108779,2.517341753022969,0
M.gracillimu,50mg/l,Uniflow,1,14.80106246,3.435390452,18.23645291,29.95875904,13.05832924,1.764639086,50
M.giganteus,Control/untreated,Uniflow,2,22.67336724026826,2.1697903985994045,24.51146956416089,46.69876620685781,20.49131534916939,2.816698146076745,0
M.giganteus,Control/untreated,Uniflow,2,23.136746075598857,2.680035198325836,25.310400298621822,46.5470989044382,19.912222657696688,3.3069473875603426,0
M.giganteus,Control/untreated,Uniflow,2,23.460832969851754,3.2795085343203665,25.882437858427167,47.69154607711473,20.59493233552373,1.1853555914022738,0
M.gracillimu,50mg/l,Uniflow,2,11.78641994,3.763887567,15.5503075,30.17711991,13.41205329,2.011807994,50
M.giganteus,Control/untreated,Uniflow,2,23.736740403524124,1.290037285853074,23.530763299783214,48.86511206025706,20.835918373256558,3.558989013128231,0
M.giganteus,Control/untreated,Uniflow,2,23.302534789061436,2.3113673599678513,25.94174163404331,48.070851848010236,21.403584991029167,3.4879213821552253,0
M.giganteus,Control/untreated,Uniflow,2,22.71205335334741,1.8865813877979416,23.22696757098171,48.11983300620356,20.47147439017013,3.7418899122841447,0
M.gracillimu,50mg/l,Uniflow,3,16.0002455,3.561485672,19.56173117,31.83675426,14.47873062,1.809841328,50
M.giganteus,58mg/l,Uniflow,3,12.205789996101762,5.145997139214427,17.804253965925813,31.860984912812526,11.059685405310123,0.3851262761578612,58
M.giganteus,58mg/l,Uniflow,3,12.611583745788465,3.994501869620993,17.015404474340283,32.74610522230149,11.433660709589144,1.1638929907721265,58
M.giganteus,58mg/l,Uniflow,3,13.484253751284264,4.314224232104976,17.33788968618176,33.4399327498405,11.623289348049385,1.0436078712159653,58
M.gracillimu,40mg/l,Uniflow,1,18.33168587,4.63696232,22.96864819,27.40127003,12.55891543,1.674522058,40
M.giganteus,Control/untreated,Uniflow,1,22.313195496703017,0.7600836836835859,25.784605432816832,40.052967585168865,16.434282597544108,-0.33552111701681697,0
M.giganteus,Control/untreated,Uniflow,1,22.975967981512742,1.0675667970753295,25.74946456437672,40.119122797932846,16.069295838169822,0.7136066350950189,0
M.giganteus,Control/untreated,Uniflow,1,21.9507107395753,0.8479493668876077,25.686154776698338,40.77642257291065,16.28405688123819,2.1437933814668324,0
M.gracillimu,40mg/l,Uniflow,2,18.44515935,3.9840049300000002,22.42916428,42.33325897,19.71072375,2.759501325,40
M.giganteus,Control/untreated,Uniflow,1,23.290284077870393,1.4043503568569822,26.06556529404135,40.86195032554331,17.059307278209566,2.4594849136972816,0
M.giganteus,Control/untreated,Uniflow,1,22.67278937168102,0.6006965783626839,26.052936181634223,41.391235369601695,15.451418413961102,2.427284196873166,0
M.giganteus,Control/untreated,Uniflow,1,20.649779666913467,0.3215311995512128,26.033825283527705,40.51418671955121,16.017223099220914,2.1650284382387186,0
M.gracillimu,40mg/l,Uniflow,3,15.22884465,4.026475443,19.25532009,29.26611369,12.7181136,1.766404667,40
M.giganteus,Control/untreated,Uniflow,1,26.59613911031503,3.8974936962831945,26.91500050421776,39.70332399512834,15.985511597494291,0.8574224784037627,0
M.giganteus,Control/untreated,Uniflow,1,25.985559297282514,4.021828098066474,27.470336149383602,40.86143880660157,15.777727721617367,0.8482603652693597,0
M.giganteus,Control/untreated,Uniflow,1,26.414840455331007,3.3865140460294327,26.099454760417153,41.71600269707148,14.131678840955793,0.8756203000668321,0
S.ravennae,Control/untreated,Uniflow,1,22.89659224,2.039655343,24.93624759,42.69375601,21.86643165,2.839796318,0
M.giganteus,50mg/l,Uniflow,1,14.280803620403216,2.1404247335970785,17.920315295794563,30.73342900274422,11.025585240100284,1.6420947022317762,50
M.giganteus,50mg/l,Uniflow,1,15.342728418515613,3.2056142411674453,17.351493012400336,31.343596930878945,12.758359057132697,1.0907949288465266,50
M.giganteus,50mg/l,Uniflow,1,13.952503133661336,2.474684587669338,17.68296976840261,31.945496764100962,11.941893865182603,1.722877965199388,50
S.ravennae,Control/untreated,Uniflow,2,22.46185446,1.925131913,24.38698637,38.87243918,20.13888889,2.552816901,0
M.giganteus,Control/untreated,Uniflow,1,23.783798923647268,2.389187611372609,25.44074223831352,39.34608470888389,16.808323668863256,2.096999264860055,0
M.giganteus,Control/untreated,Uniflow,1,23.04366858262273,2.6072883011270322,26.06019043751568,40.02848874158343,16.175313541921536,3.5255700757870265,0
M.giganteus,Control/untreated,Uniflow,1,22.750195830869096,2.2403120399147056,24.58426098617214,39.83837703841341,17.599903070687734,2.5620030865435677,0
S.ravennae,Control/untreated,Uniflow,3,22.4370464,2.06486491,24.50191131,35.44020109,18.17843466,2.272304332,0
M.giganteus,Control/untreated,Uniflow,1,21.861905947058027,4.184948847145869,25.800084390014728,39.77552118872884,15.747635249946196,3.549752356599371,0
M.giganteus,Control/untreated,Uniflow,1,21.6142488048506,2.526759303123051,25.514613280747508,40.38054508511733,15.662828399224674,0.42616583727233737,0
M.giganteus,Control/untreated,Uniflow,1,22.50559456569995,2.0098516933374597,27.282385368188635,38.95224963607291,15.338763931908648,2.182033104690534,0
S.ravennae,58mg/l,Uniflow,1,10.40887057,3.464460729,13.8733313,35.18993002,16.40004215,2.572555632,58
M.giganteus,Control/untreated,Uniflow,1,22.234369209768598,0.786775338056128,25.998709312894757,41.42884904490947,14.942162012248357,1.7940213564960992,0
M.giganteus,Control/untreated,Uniflow,1,21.37970660028178,0.6466369049783609,26.822222585172504,40.387916853760906,14.904067116623047,2.0174796028041118,0
M.giganteus,Control/untreated,Uniflow,1,23.153311758760292,1.8468163639962445,25.943265336830148,39.98319214498532,15.257129167272145,2.2713377361164833,0
S.ravennae,58mg/l,Uniflow,2,9.926169618,3.933117261,13.85928688,29.8851455,13.65765587,1.905719423,58
M.giganteus,50mg/l,Uniflow,2,11.781707888290349,2.919976673041801,14.485293289570691,22.51610810725637,7.829069196211646,0.5128468833656844,50
M.giganteus,50mg/l,Uniflow,2,11.562208189543881,2.9194711484212967,12.736466186624682,20.516053743870508,7.117989290433157,0.6645477886485766,50
M.giganteus,50mg/l,Uniflow,2,10.503008440451422,2.9490597379914716,13.630698648746673,20.71685023884417,7.057875064531058,1.0934316837335503,50
S.ravennae,58mg/l,Uniflow,3,16.35531609,4.986917211,21.3422333,35.6291153,16.77354235,2.150454147,58
M.giganteus,Control/untreated,Uniflow,1,24.062281716415438,2.117743831711844,25.916456678690473,39.786294362475424,15.990480389628532,3.6893961301699725,0
M.giganteus,Control/untreated,Uniflow,1,22.263707561923226,2.762764720233376,24.762810708976566,39.67346944686834,16.470287838672846,1.938698560256535,0
M.giganteus,Control/untreated,Uniflow,1,22.752883577372756,4.115901561094987,25.965969493690377,40.47612676778205,17.22696806418729,4.361084915888449,0
S.ravennae,50mg/l,Uniflow,1,9.878344708,4.479542512,14.35788722,42.57013935,19.58782882,2.798261261,50
M.giganteus,Control/untreated,Uniflow,1,21.610513266566027,0.9346106881541352,26.276053926573976,38.78215380578963,18.004750875246067,3.1409650143994665,0
M.giganteus,Control/untreated,Uniflow,1,22.87912939640089,2.433595543371067,27.79453211962768,39.95624427789323,16.229045936527633,3.3925341822006594,0
M.giganteus,Control/untreated,Uniflow,1,22.510924612955282,2.5452801636902396,27.135140571823595,39.407307020691604,18.331782380566793,2.4595040043991427,0
S.ravennae,50mg/l,Uniflow,2,9.339560269,4.172529943,13.51209021,33.47564861,15.57141282,2.224487545,50
M.giganteus,Control/untreated,Uniflow,1,22.747223924858194,4.717906748271551,27.284613765706307,38.10012147347699,16.807626208691204,2.1329210492912445,0
M.giganteus,Control/untreated,Uniflow,1,22.12538978956578,3.7213343685337117,27.12007240563917,39.03039032417862,18.814006744158863,1.5947647569970878,0
M.giganteus,Control/untreated,Uniflow,1,22.157841774970073,3.0092291093203998,28.8211240150741,38.943803859321925,18.479151185819756,1.6488043631334337,0
S.ravennae,50mg/l,Uniflow,3,9.095442499,3.839683116,12.93512562,32.15163104,14.87349049,2.366237123,50
M.giganteus,50mg/l,Uniflow,3,14.607732802112418,3.454771955281046,17.704647462674988,21.323280448283565,7.181049729644421,1.569054765189143,50
M.giganteus,50mg/l,Uniflow,3,14.527419040432724,3.5668588847839002,18.132416423611268,23.877971584374677,7.668906641769211,0.941194600312835,50
M.giganteus,50mg/l,Uniflow,3,14.363539815585703,3.8501607089898973,17.740882662100766,22.35865748793868,7.857743120940603,1.6363685157599401,50
S.ravennae,40mg/l,Uniflow,1,9.196801292,3.830439008,13.0272403,24.6359073,11.24127326,1.605896179,40
M.giganteus,Control/untreated,Uniflow,3,23.543277965095353,3.809626139460234,26.18752495058036,46.975510659885465,18.522581499896198,1.8748662353665742,0
M.giganteus,Control/untreated,Uniflow,3,24.186993428823616,1.8957008970055715,24.366621391921058,45.86508611828195,20.425773065684158,2.1780492099126008,0
M.giganteus,Control/untreated,Uniflow,3,24.83852741201428,2.661545542900729,24.635278787470483,46.89488162166831,20.80295256973973,2.758203570812254,0
S.ravennae,40mg/l,Uniflow,2,8.282355455,3.869651574,12.15200703,30.72917135,14.26440547,2.12448592,40
M.giganteus,Control/untreated,Uniflow,3,22.006398622830304,2.79198942113084,24.801257204336693,45.06467469040201,18.488310204089526,3.4842558201029235,0
M.giganteus,Control/untreated,Uniflow,3,22.97716538543486,1.3276473056766562,25.98319143646324,45.53176806703744,19.206093459381837,3.3439376799443097,0
M.giganteus,Control/untreated,Uniflow,3,22.840342506867216,2.581639143881638,26.27615530594373,46.196484365696406,18.481426561753217,2.9245067987004667,0
S.ravennae,40mg/l,Uniflow,3,9.655353526,3.926889884,13.58224341,31.67870277,15.17129711,2.212480828,40
M.giganteus,Control/untreated,Uniflow,3,23.690906583488044,1.7366786552038287,23.996683114930484,47.14851543938415,19.97786415200281,-0.05515015852578142,0
M.giganteus,Control/untreated,Uniflow,3,23.56763190839689,1.65569996548366,24.759611497301254,46.5179954215766,19.177770493796405,-0.11486444885624025,0
M.giganteus,Control/untreated,Uniflow,3,23.255468781576084,3.1631226275401323,24.314417036144928,46.930230610536384,19.51559075430012,0.7497468036593898,0
S.arundonace,Control/untreated,Uniflow,1,20.86910321,2.541709386,23.35097226,40.64,22.17,2.97,0
M.giganteus,40mg/l,Uniflow,1,14.29855278401734,1.8977979018004574,16.916590276626646,40.622596895851665,13.951254362238647,2.412306726146448,40
M.giganteus,40mg/l,Uniflow,1,14.442737819582888,2.607517673966926,17.743616181661277,39.61825956687786,15.07524881204131,2.2281606980678568,40
M.giganteus,40mg/l,Uniflow,1,14.578055421647647,3.2331391240248677,16.28997042014127,39.67872942847359,14.338930134882435,2.1344178646749263,40
S.arundonace,Control/untreated,Uniflow,2,20.75772403,2.462330806,2.462330806,38.98,20.81,2.97,0
M.giganteus,Control/untreated,Uniflow,1,22.10825860232769,1.830158460431594,24.38318451124292,40.620422956266054,14.644201481752063,-1.2568106833748809,0
M.giganteus,Control/untreated,Uniflow,1,23.768558125371097,1.5695619424025014,24.3438434048376,40.5246472157948,15.343890662863274,-1.8914369349027322,0
M.giganteus,Control/untreated,Uniflow,1,23.554798445875697,1.1136826537030586,24.005686345741655,41.17628352518228,15.16145482284657,-0.8309854148220032,0
S.arundonace,Control/untreated,Uniflow,3,20.80096138,2.513865444,2.513865444,33.98,18.37,2.43,0
M.giganteus,Control/untreated,Uniflow,1,21.471235428370303,3.054738903952142,23.582147295923583,41.84930999016435,15.772219320313813,-2.1245899008333007,0
M.giganteus,Control/untreated,Uniflow,1,22.123352946315585,1.5226313386895496,24.326057267266513,41.22855257279121,16.441491236584145,0.6412680671177794,0
M.giganteus,Control/untreated,Uniflow,1,21.815779846176866,2.5181920257401487,23.067682659543205,40.9929998179622,15.30163641186272,0.9748920126648899,0
S.arundonace,58mg/l,Uniflow,1,12.957993,4.151129586,17.06258054,34.51,17.37,2.34,58
M.giganteus,Control/untreated,Uniflow,1,22.602413305691435,1.338528052825885,27.116652245367185,40.53629701066475,14.357543803558952,0.0217471095466375,0
M.giganteus,Control/untreated,Uniflow,1,21.933369233029854,3.4912613060054984,27.364565754220955,41.384901971706135,14.837275723710194,0.23225141602446076,0
M.giganteus,Control/untreated,Uniflow,1,22.41943485990284,0.9189202303677683,26.594244948699348,41.69343328038157,14.641550523200632,1.4908462584464157,0
S.arundonace,58mg/l,Uniflow,2,11.87207454,4.330865433,4.330865433,31.89,15.59,2.43,58
M.giganteus,40mg/l,Uniflow,2,13.554667572474337,3.451190882695048,16.196383105456686,22.262204070161264,8.357284537962027,2.647441841180875,40
M.giganteus,40mg/l,Uniflow,2,11.911028311359434,2.8382411828387655,14.235896439908878,22.47850847170579,8.598655837220832,1.9705305567273523,40
M.giganteus,40mg/l,Uniflow,2,12.214714027499223,2.670451911680244,17.035356479517585,21.944233743538348,8.159039550446437,1.9127279999760736,40
S.arundonace,58mg/l,Uniflow,3,13.90428532,4.630782656,4.630782656,31.65,15.47,2.52,58
M.giganteus,Control/untreated,Uniflow,1,25.692661783674996,2.436768780662691,24.997836474462574,42.43541227197867,17.263220099332123,1.1270238496292992,0
M.giganteus,Control/untreated,Uniflow,1,24.392268938802292,2.3183837782370698,24.745023675284216,41.76065613525565,17.335933346627066,0.16004062364805005,0
M.giganteus,Control/untreated,Uniflow,1,24.93019032174958,2.122123811592591,24.40169899351353,41.640268992154816,16.36373486963581,1.0179913299270855,0
S.arundonace,50mg/l,Uniflow,1,18.10272963,5.227336441,21.300816,41.85,19.36,3.08,50
M.giganteus,Control/untreated,Uniflow,1,26.045800574448087,0.25240313358759797,26.427621864321345,42.42157527881683,16.437930483392403,0.6675520920890807,0
M.giganteus,Control/untreated,Uniflow,1,23.99476910860539,0.30750896753255413,27.16022121788531,41.487345268152275,15.885423867692257,1.3757764051347836,0
M.giganteus,Control/untreated,Uniflow,1,25.30785225037456,0.6727860832253627,25.323026038855627,43.25880948043999,15.842833965932455,1.9510624680071365,0
S.arundonace,50mg/l,Uniflow,2,16.45572279,5.359174873,5.359174873,38.72,18.71,3.05,50
M.giganteus,Control/untreated,Uniflow,1,26.37209827805154,1.4052446601822073,25.98809853375013,42.82637133825404,15.369389254227436,2.723049156784709,0
M.giganteus,Control/untreated,Uniflow,1,25.589104433649837,1.855460225774552,25.21903001879375,42.869084173293366,16.085001548143886,3.63847873817057,0
M.giganteus,Control/untreated,Uniflow,1,25.40515052912247,0.7295775635142419,25.523273714563402,41.907331483915556,16.456315597213344,2.7107266641286887,0
S.arundonace,50mg/l,Uniflow,3,13.66198625,5.076840504,5.076840504,25.66,12.14,2.02,50
M.giganteus,40mg/l,Uniflow,3,12.693437231636544,3.0517472856001047,15.695990325934991,16.877626406485685,8.264956141023395,0.28589943146305985,40
M.giganteus,40mg/l,Uniflow,3,11.442951663607678,2.183348936816235,14.792868797022775,18.343117305575504,6.687215422660704,0.15769634187202208,40
M.giganteus,40mg/l,Uniflow,3,12.431075001302386,2.149977465445145,15.261996084340348,18.385476149859688,5.992368121789788,0.678629349767759,40
S.arundonace,40mg/l,Uniflow,1,14.45710728,4.625964644,18.89271576,44.62,21.62,3.47,40
M.giganteus,Control/untreated,Uniflow,1,23.927444080911016,1.4865172889862723,22.891717666375136,41.8506055993879,15.64627285603749,4.371027670568188,0
M.giganteus,Control/untreated,Uniflow,1,24.6770066569966,2.9907897432017903,23.053390424749185,41.268241047947846,16.833512260732007,3.385293168490217,0
M.giganteus,Control/untreated,Uniflow,1,25.27580283322342,1.3935919031384412,24.415132165930242,41.79676252053244,15.155031416916106,3.8900726235518786,0
S.arundonace,40mg/l,Uniflow,2,13.51102489,4.454504008,4.454504008,36.74,17.96,2.93,40
M.giganteus,Control/untreated,Uniflow,1,24.405490477988828,1.8555408168145955,24.03050770527492,41.24771808208429,16.140359707222693,0.11626028849666614,0
M.giganteus,Control/untreated,Uniflow,1,24.5396138653845,1.9288822681017512,24.04785309242094,40.95406942005545,16.592930674516783,1.36872035085909,0
M.giganteus,Control/untreated,Uniflow,1,25.03952124482335,1.6348747849799319,25.446772324865748,39.83448464109678,17.0936471190232,-0.1448609264226477,0
S.arundonace,40mg/l,Uniflow,3,14.83212118,5.767260974,5.767260974,44.23,20.79,3.33,40
M.giganteus,Control/untreated,Uniflow,1,24.00667061308624,-0.3123090073848446,25.61606050609748,40.78206092654251,18.14467206901029,1.2274574633318267,0
M.giganteus,Control/untreated,Uniflow,1,24.97315915708151,0.6328613933093628,25.401757784527963,42.879628001641755,19.402994944059323,2.103947636700385,0
M.giganteus,Control/untreated,Uniflow,1,24.012242160424595,-0.34765321495836765,24.27368656763167,41.28274957512231,18.51095991924714,2.928127698157281,0
M.giganteus,58mg/l,Flip,1,15.19270133,3.631300641,18.82400197,53.85265206,18.56458946,2.025227941,58
M.gracillimu,Control/untreated,Uniflow,1,21.88625530347908,1.7440205823590802,23.77837191471089,30.662123506157243,17.268971079058396,0.46262542209817425,0
M.gracillimu,Control/untreated,Uniflow,1,22.21101373023124,3.095587848297267,23.430971927533037,32.44316787988792,15.444068650328639,0.5421202352860173,0
M.gracillimu,Control/untreated,Uniflow,1,20.963713621666354,2.213185507353137,24.24634456359045,32.81468465090563,14.197196486890443,3.1403963267432604,0
M.giganteus,58mg/l,Flip,2,17.5270701,3.142293233,20.66936333,53.31125123,18.73830472,1.703482247,58
M.giganteus,58mg/l,Uniflow,1,14.581508163082542,4.644048156978549,17.456135909924416,47.83420904737425,16.267392499892495,2.280575151680188,58
M.giganteus,58mg/l,Uniflow,1,12.876885953010136,3.1198967861728892,16.55305240712171,46.54383184235167,15.407342115412549,3.1532304006998046,58
M.giganteus,58mg/l,Uniflow,1,12.59655520859424,5.189926974374172,16.48818276840129,46.41250202502888,15.929313897423667,2.4084137427788685,58
M.giganteus,58mg/l,Flip,3,16.73993723,3.052435798,19.79237303,52.2333061,18.14420107,1.680018617,58
M.giganteus,58mg/l,Uniflow,1,13.800460037972483,4.280178272910569,17.863300660280085,44.74070920402409,15.023627555355105,2.762719991704502,58
M.giganteus,58mg/l,Uniflow,1,11.659537409262454,5.223163319478632,17.017945965031974,45.17076825976772,14.878858127239864,2.6587352709204275,58
M.giganteus,58mg/l,Uniflow,1,12.680310944628207,4.1895851865035505,16.804803383693162,45.88801444044411,16.267743924812056,2.6880836944086,58
M.giganteus,50mg/l,Flip,1,12.78764314,2.765678489,15.55332163,48.82386295,17.30534698,2.08857636,50
M.giganteus,58mg/l,Uniflow,1,11.812752898704233,5.187671694275176,17.429809126390055,46.42491506659188,15.823285285733604,1.8025755516895168,58
M.giganteus,58mg/l,Uniflow,1,13.33118572579026,3.9341464584730006,18.10760653193271,46.75188864646416,16.39577351621882,0.3139973587809458,58
M.giganteus,58mg/l,Uniflow,1,13.858246803090518,4.334038968248297,16.67703513820706,46.69153993816853,15.2572156289014,1.1986996455686254,58
M.giganteus,50mg/l,Flip,2,12.44758219,2.792690314,15.2402725,53.06406991,18.17622777,2.31333808,50
M.gracillimu,Control/untreated,Uniflow,2,22.983680375158198,1.7204235205854155,24.339983579758773,42.27543117647524,20.987452157234323,1.7463438363658481,0
M.gracillimu,Control/untreated,Uniflow,2,19.63273001304175,1.9669995248973047,23.249133766145604,40.850834814459134,22.1032796664781,3.025216623837145,0
M.gracillimu,Control/untreated,Uniflow,2,21.407623694325093,1.7341473383263821,24.07128720752313,40.67339111664612,21.02443696875701,3.777150255200077,0
M.giganteus,50mg/l,Flip,3,14.66466412,2.929346958,17.59401108,38.55002051,13.19267369,1.256445113,50
M.giganteus,Control/untreated,Uniflow,1,23.734473112830543,1.9414412260630813,26.997707901170312,37.77224570550224,13.68925975889331,2.670834494784192,0
M.giganteus,Control/untreated,Uniflow,1,23.258536197724137,3.3161523927340357,26.779660997685298,35.82910581737683,13.96729225193354,3.292421751289745,0
M.giganteus,Control/untreated,Uniflow,1,23.726479582310986,1.6646242164470808,26.448488174608944,39.43270982011648,14.45131055267517,1.7197169585551983,0
M.giganteus,40mg/l,Flip,1,14.81552209,2.938612365,17.75413446,44.74161544,20.75604544,3.19323776,40
M.giganteus,Control/untreated,Uniflow,1,24.694822158565255,1.4249558646280005,26.18831227617212,36.862804941802914,13.499261622476267,0.682862107024995,0
M.giganteus,Control/untreated,Uniflow,1,25.23567560653566,0.34397353424459576,26.934232152720902,38.30697800292061,13.31872561806348,1.210427569662341,0
M.giganteus,Control/untreated,Uniflow,1,23.77183900459768,0.27654357108380645,25.382989338256838,37.23867460540611,12.761626218687802,2.033038722152114,0
M.giganteus,40mg/l,Flip,2,12.67143576,3.476336576,16.14777234,56.17239923,20.47467333,1.949968889,40
M.giganteus,Control/untreated,Uniflow,1,23.985265582063448,0.9256945531694873,25.698985383844324,36.97721698418214,14.188838161996,1.3652465569452557,0
M.giganteus,Control/untreated,Uniflow,1,23.90583785845158,0.9223522952445561,26.013826283383914,38.51268505458212,12.835891762221614,3.8187415884042117,0
M.giganteus,Control/untreated,Uniflow,1,24.011345368641326,1.033390915028815,26.91705331205154,37.465777725103294,12.705202156675728,1.473424182060159,0
M.giganteus,40mg/l,Flip,3,13.03542869,3.169968985,16.20539768,55.14835082,19.15679555,1.773777366,40
M.gracillimu,Control/untreated,Uniflow,3,21.428126615449816,2.3947936304390485,23.496044444544424,39.6221697720375,18.910984267572957,2.2717065522230873,0
M.gracillimu,Control/untreated,Uniflow,3,21.973071600763127,2.449413713875993,22.988534359704282,38.96623765460737,19.23677842363943,2.1860969780756125,0
M.gracillimu,Control/untreated,Uniflow,3,20.358413928874604,1.4625258621755273,23.478695401531457,39.1678738212333,19.408932934247247,2.4897467774378916,0
M.gracillimu,58mg/l,Flip,1,10.73978733,3.543714683,14.28350201,44.5989859,19.00058384,2.803364828,58
M.giganteus,Control/untreated,Uniflow,1,23.091794176048015,0.801519091615632,25.196151634543767,36.929484589326876,15.756534346211714,1.7280643301250929,0
M.giganteus,Control/untreated,Uniflow,1,24.845524236148652,1.6506370250325604,25.67151255379668,37.37783218641492,14.14901712446216,1.2445520270791792,0
M.giganteus,Control/untreated,Uniflow,1,23.10454321869661,1.4090119244866959,24.94335637382188,37.6483990880018,15.209247865248017,0.678884608978002,0
M.gracillimu,58mg/l,Flip,2,12.08433613,3.810578697,15.89491482,49.82371098,21.22648258,3.131776119,58
M.giganteus,Control/untreated,Uniflow,1,24.44530521322587,2.6973222132120034,25.903398438225643,37.778317975758014,15.712505981857818,1.840000552027603,0
M.giganteus,Control/untreated,Uniflow,1,23.067959675702458,2.9069240044772737,25.666917732711028,37.58957117432327,17.00311497358829,2.03803128977641,0
M.giganteus,Control/untreated,Uniflow,1,23.10403627245818,1.978448813510943,25.746909952675367,37.40870526444266,16.88135935554856,1.6126327737524382,0
M.gracillimu,58mg/l,Flip,3,12.53923533,3.639112723,16.17834805,47.42117322,20.76150868,3.114226301,58
M.giganteus,Control/untreated,Uniflow,1,22.868023470050495,1.123017051479235,23.56111133383681,37.942226979800076,14.085305025648308,2.014446688597442,0
M.giganteus,Control/untreated,Uniflow,1,23.483131097480797,1.6144165982862266,25.621343508222065,37.06229886909427,15.041116105402766,3.566425295623265,0
M.giganteus,Control/untreated,Uniflow,1,22.710262050639432,1.1776726728857922,24.138741689028024,38.22295718281962,14.3467423691063,2.4669380513459926,0
M.gracillimu,50mg/l,Flip,1,12.76899291,2.844214674,15.61320758,51.74806376,22.88194638,0.354509028,50
M.gracillimu,58mg/l,Uniflow,1,16.392422112699062,3.4747642838032484,18.869470605731888,27.86793614778466,11.41704779828748,2.0989763194633446,58
M.gracillimu,58mg/l,Uniflow,1,16.23575960519156,2.7927849997176706,18.979858379729347,29.003948072412584,13.080371353138393,1.6174434293540123,58
M.gracillimu,58mg/l,Uniflow,1,15.73053919278615,3.596946590291178,19.884605953745737,27.78411795429196,10.347957700771856,1.5478325473253762,58
M.gracillimu,50mg/l,Flip,2,13.03909644,3.416856355,16.45595279,51.91220104,22.00722369,0.283964177,50
M.giganteus,Control/untreated,Uniflow,1,23.79483488253199,-1.6882629219676577,25.117591095630033,38.917180019946066,15.056092568568385,1.0805841611939027,0
M.giganteus,Control/untreated,Uniflow,1,23.968742939708477,-0.6484467804996855,25.49019479629139,39.57176179960685,15.962203596176844,0.3522935028201964,0
M.giganteus,Control/untreated,Uniflow,1,25.234941278504557,-0.21809092841915328,24.865348040781218,39.46891096767732,16.575444016307134,0.10533009757193978,0
M.gracillimu,50mg/l,Flip,3,13.15231585,2.759735837,15.91205168,49.19281548,21.12484268,0.259998064,50
M.giganteus,Control/untreated,Uniflow,1,23.44643585922865,1.7937042907313496,24.88359523882007,38.03573262809761,15.992754075394279,0.5335582512670431,0
M.giganteus,Control/untreated,Uniflow,1,23.32211924740738,2.865820995474639,25.524142984913492,38.47132812921021,16.453415797038655,-0.025222956485479453,0
M.giganteus,Control/untreated,Uniflow,1,25.082820762868934,1.373086693018908,25.367371186459717,37.500168954175166,15.077255544138179,0.45983761731975303,0
M.gracillimu,40mg/l,Flip,1,11.87557514,4.034969385,15.91054453,49.27376008,22.87625888,0.346609983,40
M.giganteus,Control/untreated,Uniflow,1,24.81810424622475,0.4428066434430825,23.693205521484714,40.435735372328644,16.215171184113,0.1469483647887968,0
M.giganteus,Control/untreated,Uniflow,1,23.532838698786303,0.10067171269393027,25.55898392191317,40.04102560117173,17.25864339304811,1.0630115788520336,0
M.giganteus,Control/untreated,Uniflow,1,23.329189827277183,0.19962615917815085,24.071307832208344,40.59069773998656,17.45541498458848,-0.11487147647362161,0
M.gracillimu,40mg/l,Flip,2,10.93502404,3.499387009,14.43441105,48.28452176,20.82861723,0.277714896,40
M.gracillimu,58mg/l,Uniflow,2,12.64714758389833,3.908798760587824,17.286476716251386,30.468040486220406,14.37712207393999,0.15925619940599733,58
M.gracillimu,58mg/l,Uniflow,2,13.093125965932144,4.247324915839217,18.406519228124424,31.085989673039382,13.932887056952561,2.7323951523487437,58
M.gracillimu,58mg/l,Uniflow,2,12.667713070982884,4.2661124044853995,17.146718115598805,30.624375778035933,13.758499977544767,2.052397006578022,58
M.gracillimu,40mg/l,Flip,3,12.47295501,3.266072652,15.73902766,24.92833602,10.72472412,0.129996656,40
M.giganteus,58mg/l,Uniflow,2,11.541891649176804,3.728560229058478,17.147183164755027,34.0511540866657,10.15625013444135,2.93033539966469,58
M.giganteus,58mg/l,Uniflow,2,11.775463632859628,2.5845903268909662,16.320412931946564,35.27723407649041,10.242119987274497,2.8398825248389237,58
M.giganteus,58mg/l,Uniflow,2,12.073346135482588,2.9456001908666485,16.94792276524221,32.61964957200875,9.963024815167682,3.307118467885177,58
S.ravennae,58mg/l,Flip,1,9.060300647,5.106646329,14.16694698,45.05,17.47,2.18,58
M.giganteus,58mg/l,Uniflow,2,12.280228611333943,3.593475863446303,15.865503269849135,33.70690953797109,10.685531249820459,2.931316592090619,58
M.giganteus,58mg/l,Uniflow,2,10.974317837248302,4.172581830791706,15.951114463660192,32.12769306857581,10.483464654474421,2.619494111195024,58
M.giganteus,58mg/l,Uniflow,2,12.47001300721218,4.5670794490785775,17.03384769648898,34.186393665708806,12.347531158336693,2.566974370847653,58
S.ravennae,58mg/l,Flip,2,9.667032183,6.569438118,16.2364703,45.58,19.61,2.85,58
M.giganteus,58mg/l,Uniflow,2,11.463490723413443,3.80308040996984,17.201735683015023,33.53573079824243,10.358181901690292,1.1483377042171838,58
M.giganteus,58mg/l,Uniflow,2,12.269515892936345,2.9974040794655172,16.972157109718967,33.90485804472516,10.610149291713888,2.3703389278024156,58
M.giganteus,58mg/l,Uniflow,2,10.777840650960627,3.9153711036951293,17.422087646416923,33.38079521102857,11.173742572859155,1.750201327704075,58
S.ravennae,58mg/l,Flip,3,14.98047265,4.720204435,19.70067708,49.95,22.34,3.79,58
M.gracillimu,58mg/l,Uniflow,3,13.98656028757868,3.4454059909464183,17.855283414710556,31.634673651103178,13.888089438333,3.8185869247531072,58
M.gracillimu,58mg/l,Uniflow,3,13.55504352744732,4.07746891272684,17.57008747317881,30.394431750577215,14.917821215821794,4.002819903502343,58
M.gracillimu,58mg/l,Uniflow,3,13.839060966241362,4.476116287772209,17.470464723249663,30.15476711291449,14.058159250987785,3.7894860040617075,58
S.ravennae,50mg/l,Flip,1,12.55732723,4.131299453,16.68862668,49.1,22.26,3.83,50
M.giganteus,Control/untreated,Uniflow,2,22.000378937451075,0.8049998598814865,24.486481165044992,49.13212060390872,22.669787265275676,4.352207613054936,0
M.giganteus,Control/untreated,Uniflow,2,22.851080366574774,2.191454853045068,25.346017701473393,47.51163766508379,21.78227317570868,2.6407465169742608,0
M.giganteus,Control/untreated,Uniflow,2,22.67089135411956,2.26783914788678,24.03400392592249,48.44417606647902,21.846778423269903,4.209374660377032,0
S.ravennae,50mg/l,Flip,2,12.45908071,3.938699665,16.39778038,47.33,22.3,3.38,50
M.giganteus,Control/untreated,Uniflow,2,21.114685620008242,1.979461532482928,24.70668307553733,49.728355759886306,22.535383518209343,3.0242754022833687,0
M.giganteus,Control/untreated,Uniflow,2,22.99460160816897,1.5843207559648922,25.82147966718821,47.72800750804337,21.514967612854182,1.859005297719285,0
M.giganteus,Control/untreated,Uniflow,2,22.856821297262048,0.5755715814460194,24.73323748561582,48.748728185131554,20.08922889114764,1.717410954969204,0
S.ravennae,50mg/l,Flip,3,12.37542817,4.12642991,16.50185808,46.55,21.77,3.3,50
M.giganteus,Control/untreated,Uniflow,2,21.850438011952534,0.14249489286211425,26.405025266669416,49.13205274835678,21.891226794333292,2.817329540484451,0
M.giganteus,Control/untreated,Uniflow,2,21.550371985600282,-0.11056997277070332,26.69403257849325,48.27957496321656,20.257565186237247,2.810155215889911,0
M.giganteus,Control/untreated,Uniflow,2,22.24957577156571,-0.13767511961965762,26.097389378228048,48.727259308765916,20.07054636354147,1.5898573003411614,0
S.ravennae,40mg/l,Flip,1,14.06917333,4.281234884,18.35040822,40.1,17.3,2.31,40
M.gracillimu,50mg/l,Uniflow,1,15.162400542924273,3.221086340403737,18.50395741923843,29.0381721144971,13.586787146304404,2.5944819824754677,50
M.gracillimu,50mg/l,Uniflow,1,13.83370771078531,4.611128098295327,18.62779999509654,30.333528853951506,12.529218055291917,1.4738319811337337,50
M.gracillimu,50mg/l,Uniflow,1,15.268138985192063,2.4172320860771452,17.55396718095871,29.52561331359622,12.713135758321922,0.951046554996291,50
S.ravennae,40mg/l,Flip,2,11.35604929,3.65165635,15.00770564,46.22,20.67,2.8,40
M.giganteus,Control/untreated,Uniflow,2,21.433211971053314,2.588422508641018,24.108858267894643,45.92680939520054,19.16893892636155,1.916638773296691,0
M.giganteus,Control/untreated,Uniflow,2,24.072561553973223,2.2031300482178557,24.199522787007425,45.68634451558331,20.33553514968476,2.3192155120522395,0
M.giganteus,Control/untreated,Uniflow,2,23.423973802662058,2.7914565904966295,25.30041474069442,45.7596475134383,20.894464250648266,2.5796283281792762,0
S.ravennae,40mg/l,Flip,3,14.04658673,3.848402499,17.89498923,44.45,19.69,2.72,40
M.giganteus,Control/untreated,Uniflow,2,23.059881494099766,3.456860825991014,26.38429398547785,45.674309066228375,20.33696036985908,2.653841964072996,0
M.giganteus,Control/untreated,Uniflow,2,23.10555390850168,3.352931111979843,25.410935678457008,46.21550343402729,19.948072307172108,2.894240995551677,0
M.giganteus,Control/untreated,Uniflow,2,23.74395101671814,2.6376055380811465,25.025944569607166,47.15351789668381,20.038712843158496,3.873516985098097,0
S.arundonace,58mg/l,Flip,1,11.23335841,4.666522262,15.89988068,41.83,19.41,3.12,58
M.giganteus,Control/untreated,Uniflow,2,22.75772884813308,3.239561340543112,26.31748497952736,46.68710979587664,19.738966886336232,1.5812847610810121,0
M.giganteus,Control/untreated,Uniflow,2,23.68735339928831,4.3765732729607505,26.509176815323016,45.804141882727514,20.60179749558158,1.9874825774741978,0
M.giganteus,Control/untreated,Uniflow,2,23.211085583931954,3.797922512569567,26.456947078057244,47.76330404831465,22.45858518519716,0.29508746293209676,0
S.arundonace,58mg/l,Flip,2,15.32988135,3.78888414,19.11876549,37.97,18.56,3.09,58
M.gracillimu,50mg/l,Uniflow,2,12.161852654902894,4.384636286968649,16.426398545943645,30.37195888878443,13.42056260073913,2.524718730276337,50
M.gracillimu,50mg/l,Uniflow,2,10.29806680432863,2.927687859770164,15.88049867155088,30.95689121082031,13.358167774209168,2.7071444477722966,50
M.gracillimu,50mg/l,Uniflow,2,11.514275331815186,3.311125212315864,16.405119285924766,30.564021208416523,13.439536546194729,1.3572322969883328,50
S.arundonace,58mg/l,Flip,3,14.83376769,3.974263152,18.80803084,38.41,18.61,2.94,58
M.giganteus,Control/untreated,Uniflow,2,24.9392474113012,1.7029238692572828,24.085444627109553,48.479666175426125,21.252696423304556,2.5923403706332815,0
M.giganteus,Control/untreated,Uniflow,2,24.05849207254594,0.338163448738691,23.561778273349784,48.16681172977982,21.243096189443673,3.8072161046547817,0
M.giganteus,Control/untreated,Uniflow,2,24.611236331112224,1.495900619856999,21.432016308115372,49.5029627544957,21.052077513226276,4.3882910954119385,0
S.arundonace,50mg/l,Flip,1,13.75636033,3.761152126,17.51751245,41.72,20.88,3.26,50
M.giganteus,Control/untreated,Uniflow,2,22.36304354542138,2.613487406724554,27.128678700530582,48.879167063727905,20.799580747501775,2.5257015216370085,0
M.giganteus,Control/untreated,Uniflow,2,23.450454094496802,2.459781387620764,25.586273171395714,48.2465101731407,20.590832940747678,3.1453562076350234,0
M.giganteus,Control/untreated,Uniflow,2,22.52398892803842,2.3452296634936127,27.111717377508036,47.30089853554043,22.207462812650455,2.2425113594547357,0
S.arundonace,50mg/l,Flip,2,16.05198604,3.897885061,19.94987111,43.08,21.58,3.42,50
M.giganteus,Control/untreated,Uniflow,2,22.836170098182354,1.3284208718345827,23.171567301754013,48.508398217140915,19.793137244697807,4.431364891737605,0
M.giganteus,Control/untreated,Uniflow,2,22.853312022669193,3.5800581179289765,24.459409352868743,48.04916744609588,19.855079206218257,3.3656511128229307,0
M.giganteus,Control/untreated,Uniflow,2,23.34007575115039,3.648467904148278,23.85022206667565,48.8105675277483,20.661866149517625,4.284982018687514,0
S.arundonace,50mg/l,Flip,3,15.376868,3.580541584,18.95740958,44.64,22.18,3.58,50
M.gracillimu,50mg/l,Uniflow,3,15.43985319606445,5.403146359660717,19.090182802347766,32.4218524847219,14.702302342322904,2.2049029202468815,50
M.gracillimu,50mg/l,Uniflow,3,15.41631911637529,2.5111473697036746,18.829966897131516,32.45319826155797,14.262550917328603,1.561582983737546,50
M.gracillimu,50mg/l,Uniflow,3,15.902190412930793,3.668267742399207,19.64752916509787,32.485190586910214,15.54759497080257,1.4210199340830232,50
S.arundonace,40mg/l,Flip,1,11.12211439,4.12964822,15.25176261,39.07,19.26,3.16,40
M.giganteus,58mg/l,Uniflow,3,12.408743984829233,4.3208565577987494,17.012141752892443,30.820051775942172,10.203138447551387,-0.6719974528742724,58
M.giganteus,58mg/l,Uniflow,3,12.792140072454199,5.191356112007799,17.17998795396239,32.018926453054284,11.204411412924872,0.14857443870710355,58
M.giganteus,58mg/l,Uniflow,3,11.78891477854887,5.445980673844544,18.75629143702167,32.446252245838835,12.400479011029532,0.4524842115529228,58
S.arundonace,40mg/l,Flip,2,10.74792421,3.700059115,14.44798333,38.41,17.81,2.59,40
M.giganteus,58mg/l,Uniflow,3,12.403752092679202,3.9102010061005186,17.672624108874015,33.83715987970668,12.025756153362728,1.4199004650400613,58
M.giganteus,58mg/l,Uniflow,3,12.399608861895286,3.814765842980188,17.00374124521131,33.16868002964555,10.64476013515935,0.19476047681329745,58
M.giganteus,58mg/l,Uniflow,3,13.526310845109492,4.437798594360154,17.244397712421495,33.46922178923151,11.477518739198056,1.1649671842621245,58
S.arundonace,40mg/l,Flip,3,9.051213986,3.891904512,12.9431185,35.93,17.4,2.3,40
M.giganteus,58mg/l,Uniflow,3,12.945379041263562,4.099486074466679,17.911760301762207,33.06522848850233,11.74649639482448,1.3960535592787442,58
M.giganteus,58mg/l,Uniflow,3,12.826199002862843,4.45906490521309,17.000271502714053,33.16383851827215,12.290994644751414,1.3036159220245143,58
M.giganteus,58mg/l,Uniflow,3,12.570938144808236,3.833251869751663,17.236891645077296,33.19256805857198,12.284808516422324,2.391535129184498,58
